"Kategori [Category]";"Produkt [Product]";"Sorteringsordning för produkter i en kategori [Position]";"Sorteringsordning för en produkts kategorier [PositionCategory]"
Categories/Lackpaket/Metallic_124_Pearllack;9011S;10;20
Categories/Lackpaket/Metallic_124_Pearllack;9011;20;30
Categories/Lackpaket/Metallic_124_Pearllack;9001S;30;10
Categories/Lackpaket/Metallic_124_Pearllack;9001;40;20
Categories/Lackpaket/Metallic_124_Pearllack;9004S;50;10
Categories/Lackpaket/Metallic_124_Pearllack;9004;60;20
Categories/Lackpaket/Metallic_124_Pearllack;profix_aqua_paketti;70;10
Categories/Lackpaket/Metallic_124_Pearllack;7777;80;10
Categories/Lackpaket/Metallic_124_Pearllack;9007;90;20
Categories/Lackpaket/Metallic_124_Pearllack;megapaket;100;10
Categories/Lackpaket/Akrylfärg;9014;10;20
Categories/Lackpaket/Akrylfärg;9002;20;10
Categories/Lackpaket/Akrylfärg;9010;30;10
Categories/Lackpaket/Akrylfärg;9010Winter;40;20
Categories/Lackpaket/Akrylfärg;9003;50;10
Categories/Lackpaket/Akrylfärg;9003Winter;60;20
Categories/Lackpaket/Akrylfärg;9005;70;10
Categories/Lackpaket/Akrylfärg;9005Winter;80;20
Categories/Lackpaket/Akrylfärg;superblack;90;20
Categories/Lackpaket/Akrylfärg;MipaMatta25;100;10
Categories/Lackpaket/Akrylfärg;mipamatta;110;10
Categories/Lackpaket/Akrylfärg;superwhite;120;10
Categories/Lackpaket/Akrylfärg;Superred;130;20
Categories/Lackpaket/Akrylfärg;superblue;140;10
Categories/Lackpaket/Akrylfärg;supergrey;150;10
Categories/Lackpaket/Akrylfärg;supergreen;160;10
Categories/Lackpaket/Akrylfärg;profixacryl;170;10
Categories/Lackpaket/Akrylfärg;hr040-lv;180;9999
Categories/Lackpaket/Klarlack;2010;10;10
Categories/Lackpaket/Klarlack;ultrafast;20;10
Categories/Lackpaket/Klarlack;6301;30;9999
Categories/Lackpaket/Klarlack;14949-14951;40;30
Categories/Lackpaket/Klarlack;13090;50;10
Categories/Lackpaket/Klarlack;2238;60;10
Categories/Lackpaket/Klarlack;trotonclearcoat;70;9999
Categories/Lackpaket/Klarlack;2239;80;20
Categories/Lackpaket/Klarlack;13086;90;9999
Categories/Lackpaket/Klarlack;clearcoattroton;100;20
Categories/Lackpaket/Klarlack;13088;110;9999
Categories/Lackpaket/Klarlack;840051-28-116;120;9999
Categories/Lackpaket/Klarlack;cp2016;130;9999
Categories/Lackpaket/Klarlack;260420000;140;10
Categories/Lackpaket/Klarlack;1962-1477;150;20
Categories/Lackpaket/Klarlack;11695-11696;160;20
Categories/Lackpaket/Klarlack;11999-12000;170;20
Categories/Lackpaket/Super_faerger;superwhite;10;9999
Categories/Lackpaket/Super_faerger;superwhite01;20;9999
Categories/Lackpaket/Super_faerger;MipaMatta25;30;9999
Categories/Lackpaket/Super_faerger;mipamatta;40;9999
Categories/Lackpaket/Super_faerger;7795;50;9999
Categories/Lackpaket/Super_faerger;superblack;60;60
Categories/Lackpaket/Super_faerger;831210;70;40
Categories/Lackpaket/Super_faerger;Superred;80;9999
Categories/Lackpaket/Super_faerger;Superred01;90;9999
Categories/Lackpaket/Super_faerger;supergrey;100;9999
Categories/Lackpaket/Super_faerger;supergrey01;110;20
Categories/Lackpaket/Super_faerger;superblue;120;9999
Categories/Lackpaket/Super_faerger;superblue01;130;20
Categories/Lackpaket/Super_faerger;supergreen;140;9999
Categories/Lackpaket/Super_faerger;supergreen01;150;20
Categories/Lackpaket/Grundfarg;4785;10;20
Categories/Lackpaket/Grundfarg;7449;20;10
Categories/Lackpaket/Grundfarg;trotonfiller;30;10
Categories/Lackpaket/Grundfarg;2114;40;10
Categories/Lackpaket/Grundfarg;9410;50;20
Categories/Lackpaket/Grundfarg;00226-275;60;10
Categories/Lackpaket/Grundfarg;300002235;70;9999
Categories/Lackpaket/Grundfarg;5432;80;10
Categories/Lackpaket/Grundfarg;840108-035;90;40
Categories/Lackpaket/Grundfarg;840130;100;9999
Categories/Lackpaket/Grundfarg;7228;110;9999
Categories/Lackpaket/Grundfarg;00228-4;120;10
Categories/Lackpaket/Grundfarg;840137;130;30
Categories/Lackpaket/Grundfarg;megapaket;140;20
Categories/Lackpaket/Spray;2KspraypacACR;10;10
Categories/Lackpaket/Spray;2kspraypac;20;10
Categories/Lackpaket/Spray;"""2kspraypac/1""";30;10
Categories/Lackpaket/Spray;spraypac2;40;10
Categories/Lackpaket/Spray;spraypac3;50;10
Categories/Lackpaket/Spray;spraypac4;60;10
Categories/Lackpaket/Spray;"""2kspraypac/kit1""";70;10
Categories/Lackpaket/Spray;"""2KspraypacACR/kit""";80;10
Categories/Lackpaket/Spray;"""spraypac3/kit""";90;10
Categories/Lackpaket/Spray;"""spraypac4/kit""";100;10
Categories/Lackpaket/storkop;7449;20;50
Categories/Lackpaket/storkop;boldpkt2;30;30
Categories/Lackpaket/storkop;00228-4;40;9999
Categories/Lackpaket/kompletta_paket;megapaket;10;9999
Categories/Lackpaket/kompletta_paket;"""2kspraypac/kit1""";20;9999
Categories/Lackpaket/kompletta_paket;"""2KspraypacACR/kit""";30;20
Categories/Lackpaket/kompletta_paket;"""spraypac3/kit""";40;20
Categories/Lackpaket/kompletta_paket;"""spraypac4/kit""";50;20
Categories/Billack/Akrylfärg;"""830300 OC/HS""";10;9999
Categories/Billack/Akrylfärg;830325;20;9999
Categories/Billack/Akrylfärg;7795;30;9999
Categories/Billack/Akrylfärg;831210;40;20
Categories/Billack/Akrylfärg;superwhite01;50;9999
Categories/Billack/Akrylfärg;Superred01;60;30
Categories/Billack/Akrylfärg;superblue01;70;10
Categories/Billack/Akrylfärg;supergreen01;80;10
Categories/Billack/Akrylfärg;supergrey01;90;10
Categories/Billack/Akrylfärg;12196;100;10
Categories/Billack/Akrylfärg;12167;110;40
Categories/Billack/Akrylfärg;012125;120;30
Categories/Billack/Akrylfärg;profix-lvcryl;130;9999
Categories/Billack/Akrylfärg/Akrylfaerg;"""830300 OC/HS""";10;9999
Categories/Billack/Akrylfärg/Akrylfaerg;830325;20;9999
Categories/Billack/Akrylfärg/Akrylfaerg;840147;30;9999
Categories/Billack/Akrylfärg/Akrylfaerg;7795;40;20
Categories/Billack/Akrylfärg/Akrylfaerg;831210;50;10
Categories/Billack/Akrylfärg/Akrylfaerg;840157;60;20
Categories/Billack/Akrylfärg/Akrylfaerg;profixacryl;70;20
Categories/Billack/Akrylfärg/Akrylfaerg;profix-lvcryl;80;10
Categories/Billack/Akrylfärg/Akrylfaerg;9002;90;20
Categories/Billack/Akrylfärg/Akrylfaerg;9010;100;20
Categories/Billack/Akrylfärg/Akrylfaerg;superwhite;110;20
Categories/Billack/Akrylfärg/Akrylfaerg;MipaMatta25;120;20
Categories/Billack/Akrylfärg/Akrylfaerg;superblack;130;10
Categories/Billack/Akrylfärg/Akrylfaerg;hr020-lv;140;9999
Categories/Billack/Akrylfärg/Akrylfaerg;hr040-lv;150;9999
Categories/Billack/Akrylfärg/Akrylfaerg;Superred;160;10
Categories/Billack/Akrylfärg/Akrylfaerg;9010Winter;170;10
Categories/Billack/Akrylfärg/Akrylfaerg;superblue;180;20
Categories/Billack/Akrylfärg/Akrylfaerg;supergrey;190;20
Categories/Billack/Akrylfärg/Akrylfaerg;supergreen;200;20
Categories/Billack/Akrylfärg/Akrylfaerg;9003Winter;210;10
Categories/Billack/Akrylfärg/Akrylfaerg;9005Winter;220;10
Categories/Billack/Akrylfärg/Haerdare;237400000;10;20
Categories/Billack/Akrylfärg/Haerdare;840029;20;10
Categories/Billack/Akrylfärg/Haerdare;840034;30;9999
Categories/Billack/Akrylfärg/Haerdare;840028;40;10
Categories/Billack/Akrylfärg/Haerdare;840035;50;9999
Categories/Billack/Akrylfärg/Haerdare;840089;60;9999
Categories/Billack/Akrylfärg/Haerdare;840036;70;30
Categories/Billack/Akrylfärg/Haerdare;4016176005400;80;10
Categories/Billack/Akrylfärg/Haerdare;840083;90;20
Categories/Billack/Akrylfärg/Foertunning;840016;10;40
Categories/Billack/Akrylfärg/Foertunning;840122;20;9999
Categories/Billack/Akrylfärg/Foertunning;840123;30;9999
Categories/Billack/Akrylfärg/Foertunning;840127;40;9999
Categories/Billack/Akrylfärg/Foertunning;302239;50;10
Categories/Billack/Akrylfärg/Foertunning;cp040;60;10
Categories/Billack/Akrylfärg/Foertunning;840126;70;30
Categories/Billack/Akrylfärg/Foertunning;698060005;80;20
Categories/Billack/Metallic_och_Pearllack;830320;10;9999
Categories/Billack/Metallic_och_Pearllack;830320S;20;10
Categories/Billack/Metallic_och_Pearllack;BC000;30;9999
Categories/Billack/Metallic_och_Pearllack;830492;40;20
Categories/Billack/Metallic_och_Pearllack;830493;50;9999
Categories/Billack/Metallic_och_Pearllack;9011;60;10
Categories/Billack/Metallic_och_Pearllack;9001;70;10
Categories/Billack/Metallic_och_Pearllack;9004;80;10
Categories/Billack/Metallic_och_Pearllack;bcspray;90;9999
Categories/Billack/Metallic_och_Pearllack;profix_aqua;100;9999
Categories/Billack/Metallic_och_Pearllack;profix_cp012/SubProducts/profix_cp012-0001;110;9999
Categories/Billack/Metallic_och_Pearllack;profix_cp010/SubProducts/profix_cp010-0001;120;9999
Categories/Billack/Metallic_och_Pearllack/Metallicbas;830320;10;9999
Categories/Billack/Metallic_och_Pearllack/Metallicbas;830320S;20;9999
Categories/Billack/Metallic_och_Pearllack/Metallicbas;BC000;30;9999
Categories/Billack/Metallic_och_Pearllack/Metallicbas;profix_aqua;40;9999
Categories/Billack/Metallic_och_Pearllack/Metallicbas;profix_aqua_paketti;50;20
Categories/Billack/Metallic_och_Pearllack/Metallicbas;830315;60;9999
Categories/Billack/Metallic_och_Pearllack/Foertunning;830492;10;10
Categories/Billack/Metallic_och_Pearllack/Foertunning;profix_cp010;30;9999
Categories/Billack/Metallic_och_Pearllack/Foertunning;profix_cp012;40;9999
Categories/Billack/Metallic_och_Pearllack/Foertunning;832980;50;9999
Categories/Billack/Metallic_och_Pearllack/Foertunning;830493;70;30
Categories/Billack/Klarlack;6301;10;9999
Categories/Billack/Klarlack;ultrafast;20;20
Categories/Billack/Klarlack;1962-1477;30;10
Categories/Billack/Klarlack;11695-11696;40;10
Categories/Billack/Klarlack;11999-12000;50;10
Categories/Billack/Klarlack;13090;60;30
Categories/Billack/Klarlack;14949-14951;70;10
Categories/Billack/Klarlack;2238;80;20
Categories/Billack/Klarlack;trotonclearcoat;90;9999
Categories/Billack/Klarlack;2239;100;30
Categories/Billack/Klarlack;13086;110;9999
Categories/Billack/Klarlack;clearcoattroton;120;10
Categories/Billack/Klarlack;13088;130;20
Categories/Billack/Klarlack;260210000;140;9999
Categories/Billack/Klarlack;840051-28-116;150;9999
Categories/Billack/Klarlack;260250000;160;9999
Categories/Billack/Klarlack;232110000;170;9999
Categories/Billack/Klarlack;260420000;180;9999
Categories/Billack/Klarlack;840107;190;9999
Categories/Billack/Klarlack;11012;200;9999
Categories/Billack/Klarlack;246710000;210;9999
Categories/Billack/Klarlack;cp2015;220;9999
Categories/Billack/Klarlack;cp2016;230;9999
Categories/Billack/Klarlack;840042;240;9999
Categories/Billack/Klarlack;262110000;250;10
Categories/Billack/Klarlack;2010;260;20
Categories/Billack/Klarlack;840045;270;10
Categories/Billack/Klarlack;246710000-5;280;10
Categories/Billack/Candy_124_Flakes_124_Effektfaerg;KT-96301-008;10;10
Categories/Billack/Candy_124_Flakes_124_Effektfaerg;KT-92004-008;20;20
Categories/Billack/Candy_124_Flakes_124_Effektfaerg;03106;30;9999
Categories/Billack/Candy_124_Flakes_124_Effektfaerg;03156;40;9999
Categories/Billack/Candy_124_Flakes_124_Effektfaerg;03116;50;9999
Categories/Billack/Candy_124_Flakes_124_Effektfaerg;03086;60;9999
Categories/Billack/Candy_124_Flakes_124_Effektfaerg;03128;70;9999
Categories/Billack/Candy_124_Flakes_124_Effektfaerg;candybase;80;9999
Categories/Billack/Candy_124_Flakes_124_Effektfaerg;KT97000-008;90;9999
Categories/Billack/Candy_124_Flakes_124_Effektfaerg;KT-96101-008;100;9999
Categories/Billack/Candy_124_Flakes_124_Effektfaerg;KT-97301-008;110;9999
Categories/Billack/Candy_124_Flakes_124_Effektfaerg;KT-97401-008;120;9999
Categories/Billack/Candy_124_Flakes_124_Effektfaerg;97502-008;130;9999
Categories/Billack/Candy_124_Flakes_124_Effektfaerg;KT-96000;140;9999
Categories/Billack/Candy_124_Flakes_124_Effektfaerg;KT-96906-008;150;9999
Categories/Billack/Candy_124_Flakes_124_Effektfaerg;KT-96211-008;160;9999
Categories/Billack/Candy_124_Flakes_124_Effektfaerg;KT-96302-008;170;9999
Categories/Billack/Candy_124_Flakes_124_Effektfaerg;KT-96907-008;180;9999
Categories/Billack/Candy_124_Flakes_124_Effektfaerg;KT-96401-008;190;9999
Categories/Billack/Candy_124_Flakes_124_Effektfaerg;KT-96902-008;200;9999
Categories/Billack/Candy_124_Flakes_124_Effektfaerg/Candy;candybase;10;10
Categories/Billack/Candy_124_Flakes_124_Effektfaerg/Candy;03106;80;9999
Categories/Billack/Candy_124_Flakes_124_Effektfaerg/Candy;03156;90;20
Categories/Billack/Candy_124_Flakes_124_Effektfaerg/Candy;03116;100;9999
Categories/Billack/Candy_124_Flakes_124_Effektfaerg/Candy;03086;110;9999
Categories/Billack/Candy_124_Flakes_124_Effektfaerg/Candy;03128;170;10
Categories/Billack/Candy_124_Flakes_124_Effektfaerg/Flakes;KT-97401-008;10;10
Categories/Billack/Candy_124_Flakes_124_Effektfaerg/Flakes;KT-97301-008;20;10
Categories/Billack/Candy_124_Flakes_124_Effektfaerg/Flakes;KT-96101-008;30;10
Categories/Billack/Candy_124_Flakes_124_Effektfaerg/Flakes;KT97000-008;40;10
Categories/Billack/Candy_124_Flakes_124_Effektfaerg/Flakes;KT-96000;50;20
Categories/Billack/Candy_124_Flakes_124_Effektfaerg/Flakes;97502-008;60;20
Categories/Billack/Candy_124_Flakes_124_Effektfaerg/Flakes;KT-96211-008;70;10
Categories/Billack/Candy_124_Flakes_124_Effektfaerg/Flakes;KT-96302-008;80;10
Categories/Billack/Candy_124_Flakes_124_Effektfaerg/Flakes;KT-96906-008;90;10
Categories/Billack/Candy_124_Flakes_124_Effektfaerg/Flakes;KT-96907-008;100;10
Categories/Billack/Candy_124_Flakes_124_Effektfaerg/Flakes;KT-96401-008;110;10
Categories/Billack/Candy_124_Flakes_124_Effektfaerg/Flakes;KT-96902-008;120;10
Categories/Billack/Candy_124_Flakes_124_Effektfaerg/Flakes;KT-92004-008;130;10
Categories/GrundfärgSpackel/Primer;5432;10;20
Categories/GrundfärgSpackel/Primer;17118-5433;20;10
Categories/GrundfärgSpackel/Primer;14213;30;10
Categories/GrundfärgSpackel/Primer;14214;40;10
Categories/GrundfärgSpackel/Primer;14212;50;10
Categories/GrundfärgSpackel/Primer;9880;60;10
Categories/GrundfärgSpackel/Primer;4785;70;10
Categories/GrundfärgSpackel/Primer;9410;80;10
Categories/GrundfärgSpackel/Primer;7449;90;20
Categories/GrundfärgSpackel/Primer;300002235;100;10
Categories/GrundfärgSpackel/Primer;2114;110;20
Categories/GrundfärgSpackel/Primer;7228;120;9999
Categories/GrundfärgSpackel/Primer;2364;130;20
Categories/GrundfärgSpackel/Primer;1360;140;9999
Categories/GrundfärgSpackel/Primer;2282;150;10
Categories/GrundfärgSpackel/Primer;300005833;160;10
Categories/GrundfärgSpackel/Primer;840098;170;9999
Categories/GrundfärgSpackel/Primer;229110002;180;10
Categories/GrundfärgSpackel/Primer;229110005;190;20
Categories/GrundfärgSpackel/Primer;226110000;200;10
Categories/GrundfärgSpackel/Primer;239210000;210;10
Categories/GrundfärgSpackel/Primer;840100;220;10
Categories/GrundfärgSpackel/Primer;840085;230;10
Categories/GrundfärgSpackel/Primer;840130;240;9999
Categories/GrundfärgSpackel/Primer;224310000;250;10
Categories/GrundfärgSpackel/Primer;225610000;260;10
Categories/GrundfärgSpackel/Primer;840114;270;20
Categories/GrundfärgSpackel/Primer;840101;280;9999
Categories/GrundfärgSpackel/Primer;840138;290;20
Categories/GrundfärgSpackel/Primer;50801;300;20
Categories/GrundfärgSpackel/Primer;840137;310;10
Categories/GrundfärgSpackel/Primer;4016176007367;320;10
Categories/GrundfärgSpackel/Slipgrund;00226-275;10;20
Categories/GrundfärgSpackel/Slipgrund;Filleri_3L_Troton;20;9999
Categories/GrundfärgSpackel/Slipgrund;302239;30;40
Categories/GrundfärgSpackel/Slipgrund;trotonfiller;40;20
Categories/GrundfärgSpackel/Slipgrund;00228-4;50;20
Categories/GrundfärgSpackel/Slipgrund;2114;60;30
Categories/GrundfärgSpackel/Slipgrund;1601;70;9999
Categories/GrundfärgSpackel/Slipgrund;229110002;80;20
Categories/GrundfärgSpackel/Slipgrund;229110005;90;10
Categories/GrundfärgSpackel/Slipgrund;840108;100;9999
Categories/GrundfärgSpackel/Slipgrund;228530004;110;9999
Categories/GrundfärgSpackel/Slipgrund;840108-035;120;50
Categories/GrundfärgSpackel/Slipgrund;840085;130;20
Categories/GrundfärgSpackel/Slipgrund;840101;140;9999
Categories/GrundfärgSpackel/Slipgrund;1603;150;10
Categories/GrundfärgSpackel/Spackel;288520000;10;20
Categories/GrundfärgSpackel/Spackel;6671;20;10
Categories/GrundfärgSpackel/Spackel;5197;30;10
Categories/GrundfärgSpackel/Spackel;boldpkt2;40;10
Categories/GrundfärgSpackel/Spackel;1060;50;10
Categories/GrundfärgSpackel/Spackel;1223;60;9999
Categories/GrundfärgSpackel/Spackel;7358;70;10
Categories/GrundfärgSpackel/Spackel;6664;80;10
Categories/GrundfärgSpackel/Spackel;1131;90;10
Categories/GrundfärgSpackel/Spackel;1173;100;10
Categories/GrundfärgSpackel/Spackel;2380;110;9999
Categories/GrundfärgSpackel/Spackel;5798;120;10
Categories/GrundfärgSpackel/Spackel;2369;130;9999
Categories/GrundfärgSpackel/Spackel;2364;140;40
Categories/GrundfärgSpackel/Spackel;8531;150;10
Categories/GrundfärgSpackel/Spackel;1147;160;10
Categories/GrundfärgSpackel/Spackel;840004;170;10
Categories/GrundfärgSpackel/Spackel;289610000;180;10
Categories/GrundfärgSpackel/Spackel;010602;190;10
Categories/GrundfärgSpackel/Spackel;840008;200;9999
Categories/GrundfärgSpackel/Spackel;6667;210;10
Categories/GrundfärgSpackel/Spackel;300659;220;30
Categories/GrundfärgSpackel/Spackel;250011-30;230;10
Categories/GrundfärgSpackel/Spackel;010602[2];240;10
Categories/GrundfärgSpackel/Spackel;293910000;250;10
Categories/GrundfärgSpackel/Epoxy;4785;10;30
Categories/GrundfärgSpackel/Epoxy;7449;20;40
Categories/GrundfärgSpackel/Epoxy;5432;30;30
Categories/GrundfärgSpackel/Epoxy;17118-5433;40;20
Categories/GrundfärgSpackel/Epoxy;9410;50;40
Categories/GrundfärgSpackel/Epoxy;300008828;60;20
Categories/GrundfärgSpackel/Epoxy;226110000;70;9999
Categories/GrundfärgSpackel/Epoxy;239210000;80;9999
Categories/GrundfärgSpackel/Epoxy;1251;90;20
Categories/GrundfärgSpackel/Epoxy;213210000;100;9999
Categories/GrundfärgSpackel/Epoxy;213250001;110;9999
Categories/GrundfärgSpackel/Epoxy;040515;120;30
Categories/GrundfärgSpackel/Epoxy;2282;130;30
Categories/GrundfärgSpackel/Epoxy;840830;140;9999
Categories/GrundfärgSpackel/Epoxy;840542;150;9999
Categories/GrundfärgSpackel/Epoxy;840537;160;9999
Categories/GrundfärgSpackel/Epoxy;300659;170;9999
Categories/Spray;"""2kspraypac/1""";10;30
Categories/Spray/Sprayfarg;akryylispray;10;20
Categories/Spray/Sprayfarg;spraypac3;20;20
Categories/Spray/Sprayfarg;212030000;30;10
Categories/Spray/Sprayfarg;2KspraypacACR;40;20
Categories/Spray/Sprayfarg;bcspray;50;10
Categories/Spray/Sprayfarg;spraypac4;60;20
Categories/Spray/Sprayfarg;2kspraypac;70;30
Categories/Spray/Sprayfarg;spraypac2;80;20
Categories/Spray/Sprayfarg;300002307;90;10
Categories/Spray/Sprayfarg;300002308;100;10
Categories/Spray/Sprayfarg;300003663;110;9999
Categories/Spray/Sprayfarg;216011200;120;9999
Categories/Spray/Sprayfarg;216011300;130;9999
Categories/Spray/Sprayfarg;212540000;140;30
Categories/Spray/Sprayfarg;212520000;150;40
Categories/Spray/Sprayfarg;212580000;160;20
Categories/Spray/Sprayfarg;682135500;170;10
Categories/Spray/Sprayfarg;213090000;180;30
Categories/Spray/Sprayfarg;300002298;190;9999
Categories/Spray/Sprayfarg;03640;200;10
Categories/Spray/Sprayfarg;RAL-1234;210;9999
Categories/Spray/Sprayfarg;214001042;220;9999
Categories/Spray/Sprayfarg;210431;230;9999
Categories/Spray/Sprayfarg;210433;240;9999
Categories/Spray/Sprayfarg;4167_2331;250;10
Categories/Spray/Sprayfarg;300004066;260;10
Categories/Spray/Sprayfarg;1346692;270;10
Categories/Spray/Sprayfarg;214001103;280;10
Categories/Spray/Sprayfarg;RAL-1234[3];290;10
Categories/Spray/Sprayfarg;RAL-1234[9];300;10
Categories/Spray/Sprayfarg;Bonus_300002298;310;10
Categories/Spray/Grundfaerg;300008828;10;10
Categories/Spray/Grundfaerg;213250001;20;10
Categories/Spray/Grundfaerg;213210000;30;20
Categories/Spray/Grundfaerg;213070000;40;10
Categories/Spray/Grundfaerg;213010001;50;9999
Categories/Spray/Grundfaerg;300003568;60;20
Categories/Spray/Grundfaerg;300002321;70;10
Categories/Spray/Grundfaerg;213090000;80;20
Categories/Spray/Grundfaerg;300003818;90;10
Categories/Spray/Grundfaerg;213190000;100;9999
Categories/Spray/Grundfaerg;213060000;110;9999
Categories/Spray/Grundfaerg;213360000;120;20
Categories/Spray/Grundfaerg;213040000;130;20
Categories/Spray/Grundfaerg;300002290;140;10
Categories/Spray/Grundfaerg;300003730;150;9999
Categories/Spray/Grundfaerg;300005833;160;30
Categories/Spray/Grundfaerg;213770000;170;20
Categories/Spray/Grundfaerg;212580000;180;10
Categories/Spray/Grundfaerg;212540000;190;9999
Categories/Spray/Grundfaerg;212520000;200;20
Categories/Spray/Grundfaerg;9078;210;10
Categories/Spray/Grundfaerg;213710000;220;10
Categories/Spray/Grundfaerg;300002318;230;10
Categories/Spray/Grundfaerg;300007143;240;20
Categories/Spray/Grundfaerg;300007144;250;20
Categories/Spray/Grundfaerg;300002743;260;10
Categories/Spray/Klarlack;300002310;10;20
Categories/Spray/Klarlack;300005549;20;9999
Categories/Spray/Klarlack;216011700;30;9999
Categories/Spray/Klarlack;212910000;40;9999
Categories/Spray/Klarlack;300003661;50;20
Categories/Spray/Klarlack;214500001;60;9999
Categories/Spray/Klarlack;212900000;70;10
Categories/Tillbehoer-old/Lackeringsprutor;FLG-G5;10;20
Categories/Tillbehoer-old/Lackeringsprutor;sgk-0414;20;9999
Categories/Tillbehoer-old/Lackeringsprutor;sgk-0012-18;30;9999
Categories/Tillbehoer-old/Lackeringsprutor;K-5030;40;10
Categories/Tillbehoer-old/Lackeringsprutor;10141626;50;10
Categories/Tillbehoer-old/Lackeringsprutor;10141627;60;10
Categories/Tillbehoer-old/Lackeringsprutor;10141559;70;10
Categories/Tillbehoer-old/Lackeringsprutor;40000335;80;20
Categories/Tillbehoer-old/Lackeringsprutor;160634;90;10
Categories/Tillbehoer-old/Lackeringsprutor;161914;100;10
Categories/Tillbehoer-old/Lackeringsprutor;161917;110;10
Categories/Tillbehoer-old/Lackeringsprutor;detailgun;120;9999
Categories/Tillbehoer-old/Lackeringsprutor;gtiprolite;130;10
Categories/Tillbehoer-old/Lackeringsprutor;160603;140;10
Categories/Tillbehoer-old/Lackeringsprutor;389299;150;20
Categories/Tillbehoer-old/Lackeringsprutor;DV1-C-000-13-B+;160;10
Categories/Tillbehoer-old/Lackeringsprutor;H27P2mm;170;10
Categories/Tillbehoer-old/Lackeringsprutor;flexicup10;180;10
Categories/Tillbehoer-old/Lackeringsprutor;sck-22;190;10
Categories/Tillbehoer-old/Lackeringsprutor;13.3801;200;10
Categories/Tillbehoer-old/Lackeringsprutor;210901;210;20
Categories/Tillbehoer-old/Lackeringsprutor;GFC-501;220;10
Categories/Tillbehoer-old/Lackeringsprutor;GTIPRO;230;9999
Categories/Tillbehoer-old/Lackeringsprutor;300000464;240;10
Categories/Tillbehoer-old/Lackeringsprutor;300010098;250;10
Categories/Tillbehoer-old/Lackeringsprutor;gunholder-1;260;20
Categories/Tillbehoer-old/Lackeringsprutor;gunholder-2;270;9999
Categories/Tillbehoer-old/Lackeringsprutor;spraygunholder;280;9999
Categories/Tillbehoer-old/Lackeringsprutor;250103;290;9999
Categories/Tillbehoer-old/Lackeringsprutor;250105;300;10
Categories/Tillbehoer-old/Lackeringsprutor;SG03;310;10
Categories/Tillbehoer-old/Lackeringsprutor;flexicup;320;9999
Categories/Tillbehoer-old/Lackeringsprutor;flexicup-c;330;9999
Categories/Tillbehoer-old/Lackeringsprutor;flexicup-eqcc;340;9999
Categories/Tillbehoer-old/Lackeringsprutor;flexicup-s2;350;9999
Categories/Tillbehoer-old/Lackeringsprutor;flexicup-a;360;9999
Categories/Tillbehoer-old/Lackeringsprutor;flexicup-e;370;9999
Categories/Tillbehoer-old/Lackeringsprutor;flexicup-b;380;10
Categories/Tillbehoer-old/Lackeringsprutor;GFC-501-1;390;20
Categories/Tillbehoer-old/Lackeringsprutor;k-5040;400;9999
Categories/Tillbehoer-old/Lackeringsprutor;flexicupmini;410;20
Categories/Tillbehoer-old/Lackeringsprutor;kemtexmuki-200;420;10
Categories/Tillbehoer-old/Lackeringsprutor;flexicup-s1;430;20
Categories/Tillbehoer-old/Lackeringsprutor;BK-002;440;10
Categories/Tillbehoer-old/Lackeringsprutor;flexicup-f;450;10
Categories/Tillbehoer-old/Lackeringsprutor;388016;460;10
Categories/Tillbehoer-old/Lackeringsprutor;"""Sagola 1,3mm nål/munstycke""";470;10
Categories/Tillbehoer-old/Lackeringsprutor;Flexicup10;480;10
Categories/Tillbehoer-old/Lackeringsprutor;Flexicup-c;490;10
Categories/Tillbehoer-old/Lackeringsprutor;Flexicup-a;500;20
Categories/Tillbehoer-old/Lackeringsprutor;10141621;510;10
Categories/Tillbehoer-old/Lackeringsprutor;160620;520;10
Categories/Tillbehoer-old/Lackeringstillbehoer;kemtexmuki;10;20
Categories/Tillbehoer-old/Lackeringstillbehoer;250009;20;20
Categories/Tillbehoer-old/Lackeringstillbehoer;250103;30;9999
Categories/Tillbehoer-old/Lackeringstillbehoer;810719;40;9999
Categories/Tillbehoer-old/Lackeringstillbehoer;nrlablockB;50;10
Categories/Tillbehoer-old/Lackeringstillbehoer;nrlablock;60;10
Categories/Tillbehoer-old/Lackeringstillbehoer;250050;70;10
Categories/Tillbehoer-old/Lackeringstillbehoer;389299;80;10
Categories/Tillbehoer-old/Lackeringstillbehoer;259010;90;20
Categories/Tillbehoer-old/Lackeringstillbehoer;220317;100;10
Categories/Tillbehoer-old/Lackeringstillbehoer;220333;110;20
Categories/Tillbehoer-old/Lackeringstillbehoer;220623;120;10
Categories/Tillbehoer-old/Lackeringstillbehoer;301981;130;10
Categories/Tillbehoer-old/Lackeringstillbehoer;300006267;140;10
Categories/Tillbehoer-old/Lackeringstillbehoer;300008887;150;9999
Categories/Tillbehoer-old/Lackeringstillbehoer;165063;160;10
Categories/Tillbehoer-old/Lackeringstillbehoer;250013;170;20
Categories/Tillbehoer-old/Lackeringstillbehoer;300003786;180;10
Categories/Tillbehoer-old/Lackeringstillbehoer;300008716;190;20
Categories/Tillbehoer-old/Lackeringstillbehoer;flexicup10;200;20
Categories/Tillbehoer-old/Lackeringstillbehoer;CP015;210;10
Categories/Tillbehoer-old/Lackeringstillbehoer;cp015-1;220;10
Categories/Tillbehoer-old/Lackeringstillbehoer;250305;230;20
Categories/Tillbehoer-old/Lackeringstillbehoer;13.3801;240;20
Categories/Tillbehoer-old/Lackeringstillbehoer;dc-asw-k12;250;10
Categories/Tillbehoer-old/Lackeringstillbehoer;300003131;260;10
Categories/Tillbehoer-old/Lackeringstillbehoer;210901;270;30
Categories/Tillbehoer-old/Lackeringstillbehoer;5810028202;280;9999
Categories/Tillbehoer-old/Lackeringstillbehoer;maskfilm_mipa;290;9999
Categories/Tillbehoer-old/Lackeringstillbehoer;300000512;300;20
Categories/Tillbehoer-old/Lackeringstillbehoer;300003818;310;20
Categories/Tillbehoer-old/Lackeringstillbehoer;"""Troton 302931""";320;20
Categories/Tillbehoer-old/Lackeringstillbehoer;302833;330;9999
Categories/Tillbehoer-old/Lackeringstillbehoer;840095;340;60
Categories/Tillbehoer-old/Lackeringstillbehoer;840094;350;9999
Categories/Tillbehoer-old/Lackeringstillbehoer;840114;360;30
Categories/Tillbehoer-old/Lackeringstillbehoer;840081;370;9999
Categories/Tillbehoer-old/Lackeringstillbehoer;300002043;380;20
Categories/Tillbehoer-old/Lackeringstillbehoer;ruiskutushaalari;390;20
Categories/Tillbehoer-old/Lackeringstillbehoer;suojapaperi;400;9999
Categories/Tillbehoer-old/Lackeringstillbehoer;301979;410;9999
Categories/Tillbehoer-old/Lackeringstillbehoer;070501;420;20
Categories/Tillbehoer-old/Lackeringstillbehoer;080651;430;9999
Categories/Tillbehoer-old/Lackeringstillbehoer;080652;440;10
Categories/Tillbehoer-old/Lackeringstillbehoer;090414;450;9999
Categories/Tillbehoer-old/Lackeringstillbehoer;170108;460;9999
Categories/Tillbehoer-old/Lackeringstillbehoer;150251;470;20
Categories/Tillbehoer-old/Lackeringstillbehoer;kemtexmukinkansi;480;9999
Categories/Tillbehoer-old/Lackeringstillbehoer;gunholder-1;490;10
Categories/Tillbehoer-old/Lackeringstillbehoer;gunholder-2;500;9999
Categories/Tillbehoer-old/Lackeringstillbehoer;spraygunholder;510;9999
Categories/Tillbehoer-old/Lackeringstillbehoer;040515;520;20
Categories/Tillbehoer-old/Lackeringstillbehoer;billackeringsmanual;530;9999
Categories/Tillbehoer-old/Lackeringstillbehoer;040911;540;20
Categories/Tillbehoer-old/Lackeringstillbehoer;300000518;550;10
Categories/Tillbehoer-old/Lackeringstillbehoer;250501;560;20
Categories/Tillbehoer-old/Lackeringstillbehoer;081210;570;9999
Categories/Tillbehoer-old/Lackeringstillbehoer;212000;580;10
Categories/Tillbehoer-old/Lackeringstillbehoer;212010;590;10
Categories/Tillbehoer-old/Lackeringstillbehoer;finelinetape;600;10
Categories/Tillbehoer-old/Lackeringstillbehoer;shimmask;610;10
Categories/Tillbehoer-old/Lackeringstillbehoer;300002363;620;10
Categories/Tillbehoer-old/Lackeringstillbehoer;GFC-501-1;630;10
Categories/Tillbehoer-old/Lackeringstillbehoer;06x100;640;10
Categories/Tillbehoer-old/Lackeringstillbehoer;06x900;650;20
Categories/Tillbehoer-old/Lackeringstillbehoer;250503;660;20
Categories/Tillbehoer-old/Lackeringstillbehoer;kemtexmuki-200;670;20
Categories/Tillbehoer-old/Lackeringstillbehoer;250100;680;10
Categories/Tillbehoer-old/Lackeringstillbehoer;02M02.019.0050;690;20
Categories/Tillbehoer-old/Lackeringstillbehoer;SARMF5;700;10
Categories/Tillbehoer-old/Lackeringstillbehoer;212580000;710;40
Categories/Tillbehoer-old/Lackeringstillbehoer;2338;720;40
Categories/Tillbehoer-old/Lackeringstillbehoer;840090;730;10
Categories/Tillbehoer-old/Lackeringstillbehoer;KT-98506-008;740;10
Categories/Tillbehoer-old/Lackeringstillbehoer;593010030;750;10
Categories/Tillbehoer-old/Lackeringstillbehoer;581022043;760;10
Categories/Tillbehoer-old/Lackeringstillbehoer;3000000378;770;10
Categories/Tillbehoer-old/Lackeringstillbehoer;300001977;780;10
Categories/Tillbehoer-old/Lackeringstillbehoer;3000000385;790;10
Categories/Tillbehoer-old/Lackeringstillbehoer;300002238;800;10
Categories/Tillbehoer-old/Lackeringstillbehoer;302833-0003;810;10
Categories/Tillbehoer-old/Lackeringstillbehoer;flexicup-D;820;10
Categories/Tillbehoer-old/Lackeringstillbehoer;flexicup-L;830;10
Categories/Tillbehoer-old/Lackeringstillbehoer;"""Sagola 1,3mm nål/munstycke""";840;20
Categories/Tillbehoer-old/Lackeringstillbehoer;581017012;850;10
Categories/Tillbehoer-old/Lackeringstillbehoer;300001980;860;10
Categories/Tillbehoer-old/Lackeringstillbehoer;150220;870;20
Categories/Tillbehoer-old/Lackeringstillbehoer;Flexicup10;880;20
Categories/Tillbehoer-old/Lackeringstillbehoer;Flexicup-a;890;10
Categories/Tillbehoer-old/Lackeringstillbehoer;160634;900;20
Categories/Tillbehoer-old/Lackeringstillbehoer;250105;910;20
Categories/Tillbehoer-old/Lackeringstillbehoer;150221;920;20
Categories/Tillbehoer-old/Lackeringstillbehoer;K-5030;930;20
Categories/Tillbehoer-old/Lackeringstillbehoer;Bonus_220333;940;20
Categories/Tillbehoer-old/Lackeringstillbehoer;Bonus_250100;950;10
Categories/Tillbehoer-old/Lackeringstillbehoer;Bonus_150251;960;10
Categories/Tillbehoer-old/Lackeringstillbehoer;Bonus_389299;970;10
Categories/Tillbehoer-old/Lackeringstillbehoer;Bonus_250501;980;20
Categories/Tillbehoer-old/Lackeringstillbehoer;Bonus_300008716;990;20
Categories/Tillbehoer-old/Lackeringstillbehoer;Bonus_300000512;1000;10
Categories/Tillbehoer-old/Lackeringstillbehoer;40000335;1010;10
Categories/Tillbehoer-old/Lackeringstillbehoer;300010472;1020;20
Categories/Tillbehoer-old/Lackeringstillbehoer;091304;1030;10
Categories/Tillbehoer-old/Lackeringstillbehoer;10141559;1040;20
Categories/Tillbehoer-old/Lackeringstillbehoer;10141627;1050;20
Categories/Tillbehoer-old/Lackeringstillbehoer;10141626;1060;20
Categories/Tillbehoer-old/Lackeringstillbehoer;161917;1070;20
Categories/Tillbehoer-old/Lackeringstillbehoer;56418020;1080;10
Categories/Tillbehoer-old/Lackeringstillbehoer;Flexicup10_500ml;1090;10
Categories/Tillbehoer-old/Lackeringstillbehoer;070350;1100;10
Categories/Tillbehoer-old/Lackeringstillbehoer;070351;1110;10
Categories/Tillbehoer-old/Lackeringstillbehoer;090673;1120;10
Categories/Tillbehoer-old/Lackeringstillbehoer;090674;1130;10
Categories/Tillbehoer-old/Lackeringstillbehoer;070207;1140;10
Categories/Tillbehoer-old/Lackeringstillbehoer;12011000;1150;20
Categories/Tillbehoer-old/Sliparbetet;136050S;10;10
Categories/Tillbehoer-old/Sliparbetet;300004739150;20;10
Categories/Tillbehoer-old/Sliparbetet;300009959;30;20
Categories/Tillbehoer-old/Sliparbetet;250050;40;20
Categories/Tillbehoer-old/Sliparbetet;06YA13;50;10
Categories/Tillbehoer-old/Sliparbetet;mpgoldfilm;60;9999
Categories/Tillbehoer-old/Sliparbetet;300007780;70;10
Categories/Tillbehoer-old/Sliparbetet;300007782;80;10
Categories/Tillbehoer-old/Sliparbetet;masternet150mm;90;10
Categories/Tillbehoer-old/Sliparbetet;masternet198mm;100;10
Categories/Tillbehoer-old/Sliparbetet;150220;110;10
Categories/Tillbehoer-old/Sliparbetet;masternet420mm;120;10
Categories/Tillbehoer-old/Sliparbetet;150221;130;10
Categories/Tillbehoer-old/Sliparbetet;06Z220;140;20
Categories/Tillbehoer-old/Sliparbetet;06Z210;150;10
Categories/Tillbehoer-old/Sliparbetet;06x900;160;10
Categories/Tillbehoer-old/Sliparbetet;06x100;170;20
Categories/Tillbehoer-old/Sliparbetet;smirdex_hiomatyyny-400;180;10
Categories/Tillbehoer-old/Sliparbetet;300007771;190;10
Categories/Tillbehoer-old/Sliparbetet;smirdex_abrasoft;200;10
Categories/Tillbehoer-old/Sliparbetet;150401;210;20
Categories/Tillbehoer-old/Sliparbetet;40mx;220;20
Categories/Tillbehoer-old/Sliparbetet;150407;230;10
Categories/Tillbehoer-old/Sliparbetet;flexblock;240;10
Categories/Tillbehoer-old/Sliparbetet;nrlablockB;250;20
Categories/Tillbehoer-old/Sliparbetet;nrlablock;260;30
Categories/Tillbehoer-old/Sliparbetet;150251;270;30
Categories/Tillbehoer-old/Sliparbetet;dc-asw-k12;280;20
Categories/Tillbehoer-old/Sliparbetet;081210;290;9999
Categories/Tillbehoer-old/Sliparbetet;300006611;300;20
Categories/Tillbehoer-old/Sliparbetet;300006612;310;20
Categories/Tillbehoer-old/Sliparbetet;300000458;320;10
Categories/Tillbehoer-old/Sliparbetet;300000459;330;10
Categories/Tillbehoer-old/Sliparbetet;300000460;340;10
Categories/Tillbehoer-old/Sliparbetet;300000461;350;10
Categories/Tillbehoer-old/Sliparbetet;300000448;360;10
Categories/Tillbehoer-old/Sliparbetet;300000449;370;10
Categories/Tillbehoer-old/Sliparbetet;300000451;380;9999
Categories/Tillbehoer-old/Sliparbetet;300000454;390;9999
Categories/Tillbehoer-old/Sliparbetet;300000447;400;10
Categories/Tillbehoer-old/Sliparbetet;300007778;410;10
Categories/Tillbehoer-old/Sliparbetet;300007779;420;10
Categories/Tillbehoer-old/Sliparbetet;300007773;430;10
Categories/Tillbehoer-old/Sliparbetet;300007772;440;10
Categories/Tillbehoer-old/Sliparbetet;300007774;450;10
Categories/Tillbehoer-old/Sliparbetet;300007775;460;20
Categories/Tillbehoer-old/Sliparbetet;300007776;470;10
Categories/Tillbehoer-old/Sliparbetet;300007777;480;10
Categories/Tillbehoer-old/Sliparbetet;300005880;490;10
Categories/Tillbehoer-old/Sliparbetet;581017012;500;20
Categories/Tillbehoer-old/Sliparbetet;Bonus_150251;510;20
Categories/Tillbehoer-old/Tillbehoer;040511;10;10
Categories/Tillbehoer-old/Tillbehoer;040509;20;10
Categories/Tillbehoer-old/Tillbehoer;212016;30;10
Categories/Tillbehoer-old/Tillbehoer;050090;40;10
Categories/Tillbehoer-old/Tillbehoer;212019;50;10
Categories/Tillbehoer-old/Tillbehoer;300010472;60;10
Categories/Tillbehoer-old/Tillbehoer;388015;70;10
Categories/Tillbehoer-old/Tillbehoer;300009335;80;10
Categories/Tillbehoer-old/Tillbehoer;300009333;90;10
Categories/Tillbehoer-old/Tillbehoer;080660;100;10
Categories/Tillbehoer-old/Tillbehoer;3000001977;110;9999
Categories/Tillbehoer-old/Tillbehoer;300006617;120;20
Categories/Tillbehoer-old/Tillbehoer;300005879;130;10
Categories/Tillbehoer-old/Tillbehoer;300001978;140;9999
Categories/Tillbehoer-old/Tillbehoer;150407;150;20
Categories/Tillbehoer-old/Tillbehoer;300000750280;160;20
Categories/Tillbehoer-old/Tillbehoer;300007652;170;20
Categories/Tillbehoer-old/Tillbehoer;300007775;180;10
Categories/Tillbehoer-old/Tillbehoer;300007776;190;20
Categories/Tillbehoer-old/Tillbehoer;220270;200;10
Categories/Tillbehoer-old/Tillbehoer;170108;210;9999
Categories/Tillbehoer-old/Tillbehoer;nlarengine;220;10
Categories/Tillbehoer-old/Tillbehoer;nlarglass;230;20
Categories/Tillbehoer-old/Tillbehoer;nlarinsect;240;30
Categories/Tillbehoer-old/Tillbehoer;080651;250;9999
Categories/Tillbehoer-old/Tillbehoer;080652;260;20
Categories/Tillbehoer-old/Tillbehoer;300002183;270;9999
Categories/Tillbehoer-old/Tillbehoer;212000;280;20
Categories/Tillbehoer-old/Tillbehoer;300005573;290;30
Categories/Tillbehoer-old/Tillbehoer;220217;300;20
Categories/Tillbehoer-old/Tillbehoer;nlardeicer;310;10
Categories/Tillbehoer-old/Tillbehoer;GL802A;320;30
Categories/Tillbehoer-old/Tillbehoer;300002318;330;20
Categories/Tillbehoer-old/Tillbehoer;030189;340;20
Categories/Tillbehoer-old/Tillbehoer;Flexicup10_500ml;350;20
Categories/Tillbehoer-old/Tillbehoer;"""Profix Platt lock""";360;10
Categories/Tillbehoer-old/Tillbehoer;251100;370;10
Categories/Tillbehoer-old/Tillbehoer;090673;380;20
Categories/Tillbehoer-old/Tillbehoer;090674;390;20
Categories/Tillbehoer-old/Tillbehoer;070207;400;20
Categories/Tillbehoer-old/Tillbehoer;090101;410;20
Categories/Tillbehoer-old/Tillbehoer;040307;420;10
Categories/Tillbehoer-old/Foertunning;840013;10;30
Categories/Tillbehoer-old/Foertunning;840015;20;20
Categories/Tillbehoer-old/Foertunning;840016;30;10
Categories/Tillbehoer-old/Foertunning;4016176023497;40;10
Categories/Tillbehoer-old/Foertunning;830491;50;10
Categories/Tillbehoer-old/Foertunning;830492;60;30
Categories/Tillbehoer-old/Foertunning;302239;70;20
Categories/Tillbehoer-old/Foertunning;2282;80;20
Categories/Tillbehoer-old/Foertunning;1251;90;10
Categories/Tillbehoer-old/Foertunning;5580;100;20
Categories/Tillbehoer-old/Foertunning;698060005;110;10
Categories/Tillbehoer-old/Oevriga_tillbehoer;212010;10;30
Categories/Tillbehoer-old/Oevriga_tillbehoer;flexicup10;20;30
Categories/Tillbehoer-old/Oevriga_tillbehoer;sck-22;30;30
Categories/Tillbehoer-old/Oevriga_tillbehoer;259010;40;10
Categories/Tillbehoer-old/Oevriga_tillbehoer;300006267;50;20
Categories/Tillbehoer-old/Oevriga_tillbehoer;250011;60;10
Categories/Tillbehoer-old/Oevriga_tillbehoer;250100;70;30
Categories/Tillbehoer-old/Oevriga_tillbehoer;02M02.019.0050;80;30
Categories/Tillbehoer-old/Oevriga_tillbehoer;2338;90;50
Categories/Tillbehoer-old/Oevriga_tillbehoer;250011-30;100;20
Categories/Tillbehoer-old/Oevriga_tillbehoer;250013;110;10
Categories/Tillbehoer-old/Oevriga_tillbehoer;shimmask;120;30
Categories/Tillbehoer-old/Oevriga_tillbehoer;Bonus_250100;130;30
Categories/Tillbehoer-old/Oevriga_tillbehoer;080660;140;20
Categories/Tillbehoer-old/Oevriga_tillbehoer;212019;150;20
Categories/Tillbehoer-old/Oevriga_tillbehoer;220270;160;20
Categories/Tillbehoer-old/Rostskydd;20-20005;10;10
Categories/Tillbehoer-old/Rostskydd;20-20050;20;10
Categories/Tillbehoer-old/Rostskydd;20-20080;30;10
Categories/Tillbehoer-old/Rostskydd;20-20065;40;10
Categories/Tillbehoer-old/Rostskydd;20-20116;50;20
Categories/Tillbehoer-old/Rostskydd;300003131;60;20
Categories/Tillbehoer-old/Rostskydd;300002290;70;30
Categories/Tillbehoer-old/Rostskydd;300003629;80;20
Categories/Tillbehoer-old/Rostskydd;300001986;90;9999
Categories/Tillbehoer-old/Rostskydd;300003730;100;9999
Categories/Tillbehoer-old/Rostskydd;050801;110;9999
Categories/Tillbehoer-old/Rostskydd;12167;120;20
Categories/Tillbehoer-old/Rostskydd;300002318;130;30
Categories/Tillbehoer-old/Rostskydd;212005;140;10
Categories/Tillbehoer-old/Rostskydd;050090;150;30
Categories/Tillbehoer-old/Rostskydd;040305;160;10
Categories/Tillbehoer-old/Bilvard;11249;10;40
Categories/Tillbehoer-old/Bilvard;10090;20;30
Categories/Tillbehoer-old/Bilvard;300005441;30;60
Categories/Tillbehoer-old/Bilvard;12152;40;50
Categories/Tillbehoer-old/Bilvard;300005446;50;60
Categories/Tillbehoer-old/Bilvard;300005447;60;30
Categories/Tillbehoer-old/Bilvard;300007597;70;60
Categories/Tillbehoer-old/Bilvard;10321;80;40
Categories/Tillbehoer-old/Bilvard;300006617;90;50
Categories/Tillbehoer-old/Bilvard;300009335;100;9999
Categories/Tillbehoer-old/Bilvard;300009333;110;40
Categories/Tillbehoer-old/Bilvard;nlarshampoo;120;9999
Categories/Tillbehoer-old/Bilvard;212017;130;9999
Categories/Tillbehoer-old/Bilvard;nlarengine;140;9999
Categories/Tillbehoer-old/Bilvard;nlarupholstery;150;9999
Categories/Tillbehoer-old/Bilvard;nlarcockpit;160;9999
Categories/Tillbehoer-old/Bilvard;nlarleather;170;9999
Categories/Tillbehoer-old/Bilvard;nlarplastic;180;9999
Categories/Tillbehoer-old/Bilvard;nlarglass;190;9999
Categories/Tillbehoer-old/Bilvard;nlardeicer;200;9999
Categories/Tillbehoer-old/Bilvard;nlarinsect;210;9999
Categories/Tillbehoer-old/Bilvard;220217;220;9999
Categories/Tillbehoer-old/Bilvard;300005573;230;9999
Categories/Tillbehoer-old/Bilvard;212000;240;9999
Categories/Tillbehoer-old/Bilvard;Bonus_212017;250;20
Categories/Tillbehoer-old/Bilvard;Bonus_10090;260;20
Categories/Tillbehoer-old/Bilvard;Bonus_300007597;270;50
Categories/Tillbehoer-old/Bilvard;212019;280;30
Categories/Tillbehoer-old/Bilvard;212016;290;30
Categories/Tillbehoer-old/Bilvard;080660;300;30
Categories/Tillbehoer-old/Bilvard;220270;310;30
Categories/Tillbehoer-old/Bilvard/Brayt_polishing;11249;10;10
Categories/Tillbehoer-old/Bilvard/Brayt_polishing;10090;20;10
Categories/Tillbehoer-old/Bilvard/Brayt_polishing;300005441;30;10
Categories/Tillbehoer-old/Bilvard/Brayt_polishing;12152;40;10
Categories/Tillbehoer-old/Bilvard/Brayt_polishing;300005447;50;10
Categories/Tillbehoer-old/Bilvard/Brayt_polishing;300005446;60;10
Categories/Tillbehoer-old/Bilvard/Brayt_polishing;300009335;70;20
Categories/Tillbehoer-old/Bilvard/Brayt_polishing;300009333;80;20
Categories/Tillbehoer-old/Bilvard/Brayt_polishing;300007597;90;10
Categories/Tillbehoer-old/Bilvard/Brayt_polishing;300006617;100;10
Categories/Tillbehoer-old/Bilvard/Brayt_polishing;10321;110;10
Categories/Tillbehoer-old/Bilvard/Brayt_polishing;300005573;120;10
Categories/Tillbehoer-old/Bilvard/Brayt_polishing;Bonus_10090;130;10
Categories/Tillbehoer-old/Bilvard/Brayt_polishing;Bonus_300007597;140;10
Categories/Tillbehoer-old/Bilvard/Plast_124_Vinyl_124_Laeder_124_Tvaettmedel_124;300007597;10;20
Categories/Tillbehoer-old/Bilvard/Plast_124_Vinyl_124_Laeder_124_Tvaettmedel_124;nlarcockpit;20;20
Categories/Tillbehoer-old/Bilvard/Plast_124_Vinyl_124_Laeder_124_Tvaettmedel_124;nlarleather;30;10
Categories/Tillbehoer-old/Bilvard/Plast_124_Vinyl_124_Laeder_124_Tvaettmedel_124;12152;40;20
Categories/Tillbehoer-old/Bilvard/Plast_124_Vinyl_124_Laeder_124_Tvaettmedel_124;10321;50;20
Categories/Tillbehoer-old/Bilvard/Plast_124_Vinyl_124_Laeder_124_Tvaettmedel_124;300005573;60;20
Categories/Tillbehoer-old/Bilvard/Plast_124_Vinyl_124_Laeder_124_Tvaettmedel_124;nlarplastic;70;10
Categories/Tillbehoer-old/Bilvard/Plast_124_Vinyl_124_Laeder_124_Tvaettmedel_124;Bonus_300007597;80;20
Categories/Tillbehoer-old/Bilvard/Tvattmedel;nlarshampoo;10;10
Categories/Tillbehoer-old/Bilvard/Tvattmedel;nlarupholstery;20;10
Categories/Tillbehoer-old/Bilvard/Tvattmedel;nlarcockpit;30;10
Categories/Tillbehoer-old/Bilvard/Tvattmedel;nlarleather;40;20
Categories/Tillbehoer-old/Bilvard/Tvattmedel;nlarengine;50;20
Categories/Tillbehoer-old/Bilvard/Tvattmedel;nlarglass;60;10
Categories/Tillbehoer-old/Bilvard/Tvattmedel;nlarinsect;70;10
Categories/Tillbehoer-old/Bilvard/Tvattmedel;300006617;80;30
Categories/Tillbehoer-old/Bilvard/Tvattmedel;212017;90;10
Categories/Tillbehoer-old/Bilvard/Tvattmedel;212000;100;30
Categories/Tillbehoer-old/Bilvard/Tvattmedel;12152;110;30
Categories/Tillbehoer-old/Bilvard/Tvattmedel;300005573;120;40
Categories/Tillbehoer-old/Bilvard/Tvattmedel;220217;130;30
Categories/Tillbehoer-old/Bilvard/Tvattmedel;nlardeicer;140;20
Categories/Tillbehoer-old/Bilvard/Tvattmedel;nlarplastic;150;20
Categories/Tillbehoer-old/Bilvard/Tvattmedel;Bonus_212017;160;10
Categories/Tillbehoer-old/Verktyg;259010;10;30
Categories/Tillbehoer-old/Verktyg;389299;20;30
Categories/Tillbehoer-old/Verktyg;220623;30;20
Categories/Tillbehoer-old/Verktyg;220333;40;10
Categories/Tillbehoer-old/Verktyg;06x900;50;9999
Categories/Tillbehoer-old/Verktyg;06x100;60;9999
Categories/Tillbehoer-old/Verktyg;250100;70;20
Categories/Tillbehoer-old/Verktyg;SG03;80;30
Categories/Tillbehoer-old/Verktyg;220317;90;20
Categories/Tillbehoer-old/Verktyg;160634;100;30
Categories/Tillbehoer-old/Verktyg;136050S;110;20
Categories/Tillbehoer-old/Verktyg;150220;120;30
Categories/Tillbehoer-old/Verktyg;150221;130;30
Categories/Tillbehoer-old/Verktyg;300000464;140;20
Categories/Tillbehoer-old/Verktyg;388015;150;20
Categories/Tillbehoer-old/Verktyg;flexblock;160;20
Categories/Tillbehoer-old/Verktyg;300005879;170;20
Categories/Tillbehoer-old/Verktyg;300008716;180;30
Categories/Tillbehoer-old/Verktyg;212010;190;20
Categories/Tillbehoer-old/Verktyg;212580000;200;60
Categories/Tillbehoer-old/Verktyg;nrlablockB;210;30
Categories/Tillbehoer-old/Verktyg;nrlablock;220;20
Categories/Tillbehoer-old/Verktyg;sck-22;230;20
Categories/Tillbehoer-old/Verktyg;CP015;240;20
Categories/Tillbehoer-old/Verktyg;cp015-1;250;20
Categories/Tillbehoer-old/Verktyg;250305;260;30
Categories/Tillbehoer-old/Verktyg;flexicupmini;270;30
Categories/Tillbehoer-old/Verktyg;kemtexmuki-200;280;30
Categories/Tillbehoer-old/Verktyg;SARMF5;290;20
Categories/Tillbehoer-old/Verktyg;GL802A;300;20
Categories/Tillbehoer-old/Verktyg;BK-002;310;30
Categories/Tillbehoer-old/Verktyg;301981;320;30
Categories/Tillbehoer-old/Verktyg;250009;330;30
Categories/Tillbehoer-old/Verktyg;160603;340;30
Categories/Tillbehoer-old/Verktyg;220622;350;10
Categories/Tillbehoer-old/Verktyg;06YA13;360;20
Categories/Tillbehoer-old/Verktyg;shimmask;370;40
Categories/Tillbehoer-old/Verktyg;3000000378;380;20
Categories/Tillbehoer-old/Verktyg;300001977;390;20
Categories/Tillbehoer-old/Verktyg;3000000385;400;20
Categories/Tillbehoer-old/Verktyg;Bonus_220333;410;10
Categories/Tillbehoer-old/Verktyg;Bonus_250100;420;20
Categories/Tillbehoer-old/Verktyg;Bonus_389299;430;30
Categories/Tillbehoer-old/Verktyg;Bonus_300008716;440;30
Categories/Tillbehoer-old/Saekerhets_Utrustning;ruiskutushaalari;10;30
Categories/Tillbehoer-old/Saekerhets_Utrustning;301981;20;20
Categories/Tillbehoer-old/Saekerhets_Utrustning;300009959;30;10
Categories/Tillbehoer-old/Saekerhets_Utrustning;091304;40;20
Categories/Tillbehoer/Foerberedelse_foer_malning_och_material/Slippapper_och_slipprodukter;300007771;10;9999
Categories/Tillbehoer/Foerberedelse_foer_malning_och_material/Slippapper_och_slipprodukter;300007772;20;9999
Categories/Tillbehoer/Foerberedelse_foer_malning_och_material/Slippapper_och_slipprodukter;300007773;30;9999
Categories/Tillbehoer/Foerberedelse_foer_malning_och_material/Slippapper_och_slipprodukter;300007774;40;9999
Categories/Tillbehoer/Foerberedelse_foer_malning_och_material/Slippapper_och_slipprodukter;300007775;50;9999
Categories/Tillbehoer/Foerberedelse_foer_malning_och_material/Slippapper_och_slipprodukter;300007776;60;9999
Categories/Tillbehoer/Foerberedelse_foer_malning_och_material/Slippapper_och_slipprodukter;300007777;70;9999
Categories/Tillbehoer/Foerberedelse_foer_malning_och_material/Slippapper_och_slipprodukter;300007782;80;9999
Categories/Tillbehoer/Foerberedelse_foer_malning_och_material/Slippapper_och_slipprodukter;300007780;90;9999
Categories/Tillbehoer/Foerberedelse_foer_malning_och_material/Slippapper_och_slipprodukter;mpgoldfilm;100;9999
Categories/Tillbehoer/Foerberedelse_foer_malning_och_material/Slippapper_och_slipprodukter;masternet150mm;110;9999
Categories/Tillbehoer/Foerberedelse_foer_malning_och_material/Slippapper_och_slipprodukter;masternet198mm;120;9999
Categories/Tillbehoer/Foerberedelse_foer_malning_och_material/Slippapper_och_slipprodukter;masternet420mm;130;9999
Categories/Tillbehoer/Foerberedelse_foer_malning_och_material/Slippapper_och_slipprodukter;300007778;140;9999
Categories/Tillbehoer/Foerberedelse_foer_malning_och_material/Slippapper_och_slipprodukter;300007779;150;9999
Categories/Tillbehoer/Foerberedelse_foer_malning_och_material/Slippapper_och_slipprodukter;300000458;160;9999
Categories/Tillbehoer/Foerberedelse_foer_malning_och_material/Slippapper_och_slipprodukter;300000459;170;9999
Categories/Tillbehoer/Foerberedelse_foer_malning_och_material/Slippapper_och_slipprodukter;06YA13;180;9999
Categories/Tillbehoer/Foerberedelse_foer_malning_och_material/Slippapper_och_slipprodukter;300000460;190;9999
Categories/Tillbehoer/Foerberedelse_foer_malning_och_material/Slippapper_och_slipprodukter;300000461;200;9999
Categories/Tillbehoer/Foerberedelse_foer_malning_och_material/Slippapper_och_slipprodukter;300000448;210;9999
Categories/Tillbehoer/Foerberedelse_foer_malning_och_material/Slippapper_och_slipprodukter;300000449;220;9999
Categories/Tillbehoer/Foerberedelse_foer_malning_och_material/Slippapper_och_slipprodukter;300000447;230;9999
Categories/Tillbehoer/Foerberedelse_foer_malning_och_material/Slippapper_och_slipprodukter;300000451;240;9999
Categories/Tillbehoer/Foerberedelse_foer_malning_och_material/Slippapper_och_slipprodukter;300000454;250;9999
Categories/Tillbehoer/Foerberedelse_foer_malning_och_material/Slippapper_och_slipprodukter;300006611;260;9999
Categories/Tillbehoer/Foerberedelse_foer_malning_och_material/Slippapper_och_slipprodukter;300006612;270;9999
Categories/Tillbehoer/Foerberedelse_foer_malning_och_material/Slippapper_och_slipprodukter;136050S;280;9999
Categories/Tillbehoer/Foerberedelse_foer_malning_och_material/Slippapper_och_slipprodukter;300009959;290;40
Categories/Tillbehoer/Foerberedelse_foer_malning_och_material/Slippapper_och_slipprodukter;300005880;300;9999
Categories/Tillbehoer/Foerberedelse_foer_malning_och_material/Slippapper_och_slipprodukter;581017012;310;9999
Categories/Tillbehoer/Foerberedelse_foer_malning_och_material/Slippapper_och_slipprodukter;150220;320;9999
Categories/Tillbehoer/Foerberedelse_foer_malning_och_material/Slippapper_och_slipprodukter;150221;330;9999
Categories/Tillbehoer/Foerberedelse_foer_malning_och_material/Slippapper_och_slipprodukter;150401;340;9999
Categories/Tillbehoer/Foerberedelse_foer_malning_och_material/Slippapper_och_slipprodukter;06Z210;350;9999
Categories/Tillbehoer/Foerberedelse_foer_malning_och_material/Slippapper_och_slipprodukter;150251;360;9999
Categories/Tillbehoer/Foerberedelse_foer_malning_och_material/Slippapper_och_slipprodukter;150407;370;9999
Categories/Tillbehoer/Foerberedelse_foer_malning_och_material/Slippapper_och_slipprodukter;081210;380;9999
Categories/Tillbehoer/Foerberedelse_foer_malning_och_material/Slippapper_och_slipprodukter;300004739150;390;9999
Categories/Tillbehoer/Foerberedelse_foer_malning_och_material/Slippapper_och_slipprodukter;smirdex_hiomatyyny-400;400;9999
Categories/Tillbehoer/Foerberedelse_foer_malning_och_material/Slippapper_och_slipprodukter;smirdex_abrasoft;410;9999
Categories/Tillbehoer/Foerberedelse_foer_malning_och_material/Slippapper_och_slipprodukter;shimmask;420;9999
Categories/Tillbehoer/Foerberedelse_foer_malning_och_material/Slippapper_och_slipprodukter;40mx;430;9999
Categories/Tillbehoer/Foerberedelse_foer_malning_och_material/Slippapper_och_slipprodukter;06Z220;440;9999
Categories/Tillbehoer/Foerberedelse_foer_malning_och_material/Slippapper_och_slipprodukter;06x100;450;9999
Categories/Tillbehoer/Foerberedelse_foer_malning_och_material/Slippapper_och_slipprodukter;06x900;460;9999
Categories/Tillbehoer/Foerberedelse_foer_malning_och_material/Slippapper_och_slipprodukter;dc-asw-k12;470;9999
Categories/Tillbehoer/Foerberedelse_foer_malning_och_material/Slippapper_och_slipprodukter;250050;480;60
Categories/Tillbehoer/Foerberedelse_foer_malning_och_material/Slippapper_och_slipprodukter;nrlablock;490;9999
Categories/Tillbehoer/Foerberedelse_foer_malning_och_material/Slippapper_och_slipprodukter;nrlablockB;500;9999
Categories/Tillbehoer/Foerberedelse_foer_malning_och_material/Slippapper_och_slipprodukter;flexblock;510;9999
Categories/Tillbehoer/Foerberedelse_foer_malning_och_material/Slippapper_och_slipprodukter;212580000;520;9999
Categories/Tillbehoer/Foerberedelse_foer_malning_och_material/Tillsatsmedel_och_rengoeringsmedel;300002290;10;9999
Categories/Tillbehoer/Foerberedelse_foer_malning_och_material/Tillsatsmedel_och_rengoeringsmedel;300003629;20;9999
Categories/Tillbehoer/Foerberedelse_foer_malning_och_material/Tillsatsmedel_och_rengoeringsmedel;300001986;30;9999
Categories/Tillbehoer/Foerberedelse_foer_malning_och_material/Tillsatsmedel_och_rengoeringsmedel;300003730;40;9999
Categories/Tillbehoer/Foerberedelse_foer_malning_och_material/Tillsatsmedel_och_rengoeringsmedel;050801;50;9999
Categories/Tillbehoer/Foerberedelse_foer_malning_och_material/Tillsatsmedel_och_rengoeringsmedel;300003131;60;9999
Categories/Tillbehoer/Foerberedelse_foer_malning_och_material/Tillsatsmedel_och_rengoeringsmedel;20-20116;70;9999
Categories/Tillbehoer/Foerberedelse_foer_malning_och_material/Tillsatsmedel_och_rengoeringsmedel;20-20065;80;9999
Categories/Tillbehoer/Foerberedelse_foer_malning_och_material/Tillsatsmedel_och_rengoeringsmedel;20-20080;90;9999
Categories/Tillbehoer/Foerberedelse_foer_malning_och_material/Tillsatsmedel_och_rengoeringsmedel;20-20050;100;9999
Categories/Tillbehoer/Foerberedelse_foer_malning_och_material/Tillsatsmedel_och_rengoeringsmedel;20-20005;110;9999
Categories/Tillbehoer/Foerberedelse_foer_malning_och_material/Tillsatsmedel_och_rengoeringsmedel;12167;120;9999
Categories/Tillbehoer/Foerberedelse_foer_malning_och_material/Tillsatsmedel_och_rengoeringsmedel;300002318;130;9999
Categories/Tillbehoer/Foerberedelse_foer_malning_och_material/Tillsatsmedel_och_rengoeringsmedel;050090;140;40
Categories/Tillbehoer/Foerberedelse_foer_malning_och_material/Haerdare_och_foertunningsmedel;830492;10;50
Categories/Tillbehoer/Foerberedelse_foer_malning_och_material/Haerdare_och_foertunningsmedel;302239;20;9999
Categories/Tillbehoer/Foerberedelse_foer_malning_och_material/Haerdare_och_foertunningsmedel;2282;30;9999
Categories/Tillbehoer/Foerberedelse_foer_malning_och_material/Haerdare_och_foertunningsmedel;1251;40;9999
Categories/Tillbehoer/Foerberedelse_foer_malning_och_material/Haerdare_och_foertunningsmedel;698060005;50;40
Categories/Tillbehoer/Foerberedelse_foer_malning_och_material/Haerdare_och_foertunningsmedel;840013;60;9999
Categories/Tillbehoer/Foerberedelse_foer_malning_och_material/Haerdare_och_foertunningsmedel;840016;70;9999
Categories/Tillbehoer/Foerberedelse_foer_malning_och_material/Haerdare_och_foertunningsmedel;4016176023497;80;9999
Categories/Tillbehoer/Foerberedelse_foer_malning_och_material/Haerdare_och_foertunningsmedel;830491;90;9999
Categories/Tillbehoer/Foerberedelse_foer_malning_och_material/Haerdare_och_foertunningsmedel;5580;100;9999
Categories/Tillbehoer/Foerberedelse_foer_malning_och_material/Haerdare_och_foertunningsmedel;840015;110;9999
Categories/Tillbehoer/Malarverktyg_och_verktyg;090101;10;10
Categories/Tillbehoer/Malarverktyg_och_verktyg/Sprutpistoler_och_tillbehoer;FLG-G5;10;9999
Categories/Tillbehoer/Malarverktyg_och_verktyg/Sprutpistoler_och_tillbehoer;K-5030;20;9999
Categories/Tillbehoer/Malarverktyg_och_verktyg/Sprutpistoler_och_tillbehoer;sgk-0012-18;30;9999
Categories/Tillbehoer/Malarverktyg_och_verktyg/Sprutpistoler_och_tillbehoer;sgk-0414;40;9999
Categories/Tillbehoer/Malarverktyg_och_verktyg/Sprutpistoler_och_tillbehoer;10141559;50;30
Categories/Tillbehoer/Malarverktyg_och_verktyg/Sprutpistoler_och_tillbehoer;10141626;60;30
Categories/Tillbehoer/Malarverktyg_och_verktyg/Sprutpistoler_och_tillbehoer;10141627;70;30
Categories/Tillbehoer/Malarverktyg_och_verktyg/Sprutpistoler_och_tillbehoer;10141621;80;20
Categories/Tillbehoer/Malarverktyg_och_verktyg/Sprutpistoler_och_tillbehoer;10141554;90;10
Categories/Tillbehoer/Malarverktyg_och_verktyg/Sprutpistoler_och_tillbehoer;10111809;100;10
Categories/Tillbehoer/Malarverktyg_och_verktyg/Sprutpistoler_och_tillbehoer;17410801;110;10
Categories/Tillbehoer/Malarverktyg_och_verktyg/Sprutpistoler_och_tillbehoer;40000335;120;9999
Categories/Tillbehoer/Malarverktyg_och_verktyg/Sprutpistoler_och_tillbehoer;10011254;130;10
Categories/Tillbehoer/Malarverktyg_och_verktyg/Sprutpistoler_och_tillbehoer;10011256;140;10
Categories/Tillbehoer/Malarverktyg_och_verktyg/Sprutpistoler_och_tillbehoer;40000336;150;10
Categories/Tillbehoer/Malarverktyg_och_verktyg/Sprutpistoler_och_tillbehoer;12011000;160;30
Categories/Tillbehoer/Malarverktyg_och_verktyg/Sprutpistoler_och_tillbehoer;160620;170;20
Categories/Tillbehoer/Malarverktyg_och_verktyg/Sprutpistoler_och_tillbehoer;160634;180;9999
Categories/Tillbehoer/Malarverktyg_och_verktyg/Sprutpistoler_och_tillbehoer;161914;190;9999
Categories/Tillbehoer/Malarverktyg_och_verktyg/Sprutpistoler_och_tillbehoer;161917;200;30
Categories/Tillbehoer/Malarverktyg_och_verktyg/Sprutpistoler_och_tillbehoer;389299;210;9999
Categories/Tillbehoer/Malarverktyg_och_verktyg/Sprutpistoler_och_tillbehoer;Flexicup10;220;9999
Categories/Tillbehoer/Malarverktyg_och_verktyg/Sprutpistoler_och_tillbehoer;sck-22;230;9999
Categories/Tillbehoer/Malarverktyg_och_verktyg/Sprutpistoler_och_tillbehoer;kemtexmuki-200;240;9999
Categories/Tillbehoer/Malarverktyg_och_verktyg/Sprutpistoler_och_tillbehoer;flexicup10;250;9999
Categories/Tillbehoer/Malarverktyg_och_verktyg/Sprutpistoler_och_tillbehoer;H27P2mm;260;9999
Categories/Tillbehoer/Malarverktyg_och_verktyg/Sprutpistoler_och_tillbehoer;SG03;270;9999
Categories/Tillbehoer/Malarverktyg_och_verktyg/Sprutpistoler_och_tillbehoer;DV1-C-000-13-B+;280;9999
Categories/Tillbehoer/Malarverktyg_och_verktyg/Sprutpistoler_och_tillbehoer;BK-002;290;9999
Categories/Tillbehoer/Malarverktyg_och_verktyg/Sprutpistoler_och_tillbehoer;flexicup-f;300;9999
Categories/Tillbehoer/Malarverktyg_och_verktyg/Sprutpistoler_och_tillbehoer;160603;310;9999
Categories/Tillbehoer/Malarverktyg_och_verktyg/Sprutpistoler_och_tillbehoer;300010098;320;30
Categories/Tillbehoer/Malarverktyg_och_verktyg/Sprutpistoler_och_tillbehoer;388016;330;9999
Categories/Tillbehoer/Malarverktyg_och_verktyg/Sprutpistoler_och_tillbehoer;"""Sagola 1,3mm nål/munstycke""";340;9999
Categories/Tillbehoer/Malarverktyg_och_verktyg/Sprutpistoler_och_tillbehoer;flexicup-s1;350;9999
Categories/Tillbehoer/Malarverktyg_och_verktyg/Sprutpistoler_och_tillbehoer;Flexicup-c;360;9999
Categories/Tillbehoer/Malarverktyg_och_verktyg/Sprutpistoler_och_tillbehoer;Flexicup-a;370;9999
Categories/Tillbehoer/Malarverktyg_och_verktyg/Sprutpistoler_och_tillbehoer;250105;380;9999
Categories/Tillbehoer/Malarverktyg_och_verktyg/Sprutpistoler_och_tillbehoer;flexicup;390;9999
Categories/Tillbehoer/Malarverktyg_och_verktyg/Sprutpistoler_och_tillbehoer;GTIPRO;400;9999
Categories/Tillbehoer/Malarverktyg_och_verktyg/Sprutpistoler_och_tillbehoer;300000464;410;50
Categories/Tillbehoer/Malarverktyg_och_verktyg/Sprutpistoler_och_tillbehoer;gunholder-1;420;9999
Categories/Tillbehoer/Malarverktyg_och_verktyg/Sprutpistoler_och_tillbehoer;gunholder-2;430;9999
Categories/Tillbehoer/Malarverktyg_och_verktyg/Sprutpistoler_och_tillbehoer;spraygunholder;440;9999
Categories/Tillbehoer/Malarverktyg_och_verktyg/Sprutpistoler_och_tillbehoer;detailgun;450;9999
Categories/Tillbehoer/Malarverktyg_och_verktyg/Sprutpistoler_och_tillbehoer;250103;460;9999
Categories/Tillbehoer/Malarverktyg_och_verktyg/Sprutpistoler_och_tillbehoer;k-5040;470;9999
Categories/Tillbehoer/Malarverktyg_och_verktyg/Sprutpistoler_och_tillbehoer;flexicup-c;480;9999
Categories/Tillbehoer/Malarverktyg_och_verktyg/Sprutpistoler_och_tillbehoer;flexicup-eqcc;490;9999
Categories/Tillbehoer/Malarverktyg_och_verktyg/Sprutpistoler_och_tillbehoer;flexicup-a;500;9999
Categories/Tillbehoer/Malarverktyg_och_verktyg/Sprutpistoler_och_tillbehoer;flexicup-e;510;9999
Categories/Tillbehoer/Malarverktyg_och_verktyg/Sprutpistoler_och_tillbehoer;flexicup-s2;520;9999
Categories/Tillbehoer/Malarverktyg_och_verktyg/Sprutpistoler_och_tillbehoer;flexicup-b;530;9999
Categories/Tillbehoer/Malarverktyg_och_verktyg/Sprutpistoler_och_tillbehoer;GFC-501;540;9999
Categories/Tillbehoer/Malarverktyg_och_verktyg/Sprutpistoler_och_tillbehoer;210901;550;9999
Categories/Tillbehoer/Malarverktyg_och_verktyg/Sprutpistoler_och_tillbehoer;GFC-501-1;560;9999
Categories/Tillbehoer/Malarverktyg_och_verktyg/Sprutpistoler_och_tillbehoer;13.3801;570;9999
Categories/Tillbehoer/Malarverktyg_och_verktyg/Sprutpistoler_och_tillbehoer;gtiprolite;580;9999
Categories/Tillbehoer/Malarverktyg_och_verktyg/Sprutpistoler_och_tillbehoer;flexicupmini;590;9999
Categories/Tillbehoer/Malarverktyg_och_verktyg/Sprutpistoler_och_tillbehoer;090750WH;600;10
Categories/Tillbehoer/Malarverktyg_och_verktyg/Sprutpistoler_och_tillbehoer;59501550201;610;10
Categories/Tillbehoer/Malarverktyg_och_verktyg/Verktyg_och_tillbehoer;259010;10;9999
Categories/Tillbehoer/Malarverktyg_och_verktyg/Verktyg_och_tillbehoer;KT-98506-008;20;9999
Categories/Tillbehoer/Malarverktyg_och_verktyg/Verktyg_och_tillbehoer;250013;30;9999
Categories/Tillbehoer/Malarverktyg_och_verktyg/Verktyg_och_tillbehoer;2338;40;9999
Categories/Tillbehoer/Malarverktyg_och_verktyg/Verktyg_och_tillbehoer;212580000;50;9999
Categories/Tillbehoer/Malarverktyg_och_verktyg/Verktyg_och_tillbehoer;389299;60;9999
Categories/Tillbehoer/Malarverktyg_och_verktyg/Verktyg_och_tillbehoer;SARMF5;70;9999
Categories/Tillbehoer/Malarverktyg_och_verktyg/Verktyg_och_tillbehoer;02M02.019.0050;80;9999
Categories/Tillbehoer/Malarverktyg_och_verktyg/Verktyg_och_tillbehoer;300008716;90;9999
Categories/Tillbehoer/Malarverktyg_och_verktyg/Verktyg_och_tillbehoer;nrlablockB;100;9999
Categories/Tillbehoer/Malarverktyg_och_verktyg/Verktyg_och_tillbehoer;nrlablock;110;9999
Categories/Tillbehoer/Malarverktyg_och_verktyg/Verktyg_och_tillbehoer;flexicup10;120;9999
Categories/Tillbehoer/Malarverktyg_och_verktyg/Verktyg_och_tillbehoer;kemtexmuki-200;130;9999
Categories/Tillbehoer/Malarverktyg_och_verktyg/Verktyg_och_tillbehoer;593010030;140;40
Categories/Tillbehoer/Malarverktyg_och_verktyg/Verktyg_och_tillbehoer;CP015;150;9999
Categories/Tillbehoer/Malarverktyg_och_verktyg/Verktyg_och_tillbehoer;cp015-1;160;9999
Categories/Tillbehoer/Malarverktyg_och_verktyg/Verktyg_och_tillbehoer;220623;170;50
Categories/Tillbehoer/Malarverktyg_och_verktyg/Verktyg_och_tillbehoer;220333;180;50
Categories/Tillbehoer/Malarverktyg_och_verktyg/Verktyg_och_tillbehoer;220317;190;9999
Categories/Tillbehoer/Malarverktyg_och_verktyg/Verktyg_och_tillbehoer;250305;200;9999
Categories/Tillbehoer/Malarverktyg_och_verktyg/Verktyg_och_tillbehoer;250050;210;50
Categories/Tillbehoer/Malarverktyg_och_verktyg/Verktyg_och_tillbehoer;300006267;220;60
Categories/Tillbehoer/Malarverktyg_och_verktyg/Verktyg_och_tillbehoer;250503;230;9999
Categories/Tillbehoer/Malarverktyg_och_verktyg/Verktyg_och_tillbehoer;13.3801;240;9999
Categories/Tillbehoer/Malarverktyg_och_verktyg/Verktyg_och_tillbehoer;dc-asw-k12;250;9999
Categories/Tillbehoer/Malarverktyg_och_verktyg/Verktyg_och_tillbehoer;150220;260;9999
Categories/Tillbehoer/Malarverktyg_och_verktyg/Verktyg_och_tillbehoer;Bonus_300008716;270;9999
Categories/Tillbehoer/Malarverktyg_och_verktyg/Verktyg_och_tillbehoer;Bonus_250501;280;9999
Categories/Tillbehoer/Malarverktyg_och_verktyg/Verktyg_och_tillbehoer;Bonus_389299;290;9999
Categories/Tillbehoer/Malarverktyg_och_verktyg/Verktyg_och_tillbehoer;Bonus_150251;300;9999
Categories/Tillbehoer/Malarverktyg_och_verktyg/Verktyg_och_tillbehoer;Bonus_250100;310;9999
Categories/Tillbehoer/Malarverktyg_och_verktyg/Verktyg_och_tillbehoer;Bonus_220333;320;9999
Categories/Tillbehoer/Malarverktyg_och_verktyg/Verktyg_och_tillbehoer;K-5030;330;9999
Categories/Tillbehoer/Malarverktyg_och_verktyg/Verktyg_och_tillbehoer;150221;340;9999
Categories/Tillbehoer/Malarverktyg_och_verktyg/Verktyg_och_tillbehoer;250105;350;9999
Categories/Tillbehoer/Malarverktyg_och_verktyg/Verktyg_och_tillbehoer;160634;360;9999
Categories/Tillbehoer/Malarverktyg_och_verktyg/Verktyg_och_tillbehoer;Flexicup-a;370;9999
Categories/Tillbehoer/Malarverktyg_och_verktyg/Verktyg_och_tillbehoer;Flexicup10;380;9999
Categories/Tillbehoer/Malarverktyg_och_verktyg/Verktyg_och_tillbehoer;06x900;390;9999
Categories/Tillbehoer/Malarverktyg_och_verktyg/Verktyg_och_tillbehoer;300001980;400;40
Categories/Tillbehoer/Malarverktyg_och_verktyg/Verktyg_och_tillbehoer;581017012;410;9999
Categories/Tillbehoer/Malarverktyg_och_verktyg/Verktyg_och_tillbehoer;"""Sagola 1,3mm nål/munstycke""";420;9999
Categories/Tillbehoer/Malarverktyg_och_verktyg/Verktyg_och_tillbehoer;flexicup-L;430;9999
Categories/Tillbehoer/Malarverktyg_och_verktyg/Verktyg_och_tillbehoer;flexicup-D;440;9999
Categories/Tillbehoer/Malarverktyg_och_verktyg/Verktyg_och_tillbehoer;302833-0003;450;9999
Categories/Tillbehoer/Malarverktyg_och_verktyg/Verktyg_och_tillbehoer;300002238;460;9999
Categories/Tillbehoer/Malarverktyg_och_verktyg/Verktyg_och_tillbehoer;3000000385;470;9999
Categories/Tillbehoer/Malarverktyg_och_verktyg/Verktyg_och_tillbehoer;300001977;480;9999
Categories/Tillbehoer/Malarverktyg_och_verktyg/Verktyg_och_tillbehoer;3000000378;490;9999
Categories/Tillbehoer/Malarverktyg_och_verktyg/Verktyg_och_tillbehoer;581022043;500;9999
Categories/Tillbehoer/Malarverktyg_och_verktyg/Verktyg_och_tillbehoer;300002043;510;50
Categories/Tillbehoer/Malarverktyg_och_verktyg/Verktyg_och_tillbehoer;kemtexmuki;520;9999
Categories/Tillbehoer/Malarverktyg_och_verktyg/Verktyg_och_tillbehoer;150251;530;9999
Categories/Tillbehoer/Malarverktyg_och_verktyg/Verktyg_och_tillbehoer;090414;540;9999
Categories/Tillbehoer/Malarverktyg_och_verktyg/Verktyg_och_tillbehoer;080652;550;9999
Categories/Tillbehoer/Malarverktyg_och_verktyg/Verktyg_och_tillbehoer;080651;560;9999
Categories/Tillbehoer/Malarverktyg_och_verktyg/Verktyg_och_tillbehoer;070501;570;40
Categories/Tillbehoer/Malarverktyg_och_verktyg/Verktyg_och_tillbehoer;301979;580;9999
Categories/Tillbehoer/Malarverktyg_och_verktyg/Verktyg_och_tillbehoer;suojapaperi;590;9999
Categories/Tillbehoer/Malarverktyg_och_verktyg/Verktyg_och_tillbehoer;840090;600;9999
Categories/Tillbehoer/Malarverktyg_och_verktyg/Verktyg_och_tillbehoer;ruiskutushaalari;610;60
Categories/Tillbehoer/Malarverktyg_och_verktyg/Verktyg_och_tillbehoer;810719;620;9999
Categories/Tillbehoer/Malarverktyg_och_verktyg/Verktyg_och_tillbehoer;kemtexmukinkansi;630;9999
Categories/Tillbehoer/Malarverktyg_och_verktyg/Verktyg_och_tillbehoer;840081;640;9999
Categories/Tillbehoer/Malarverktyg_och_verktyg/Verktyg_och_tillbehoer;840114;650;9999
Categories/Tillbehoer/Malarverktyg_och_verktyg/Verktyg_och_tillbehoer;840094;660;9999
Categories/Tillbehoer/Malarverktyg_och_verktyg/Verktyg_och_tillbehoer;840095;670;9999
Categories/Tillbehoer/Malarverktyg_och_verktyg/Verktyg_och_tillbehoer;302833;680;9999
Categories/Tillbehoer/Malarverktyg_och_verktyg/Verktyg_och_tillbehoer;301981;690;9999
Categories/Tillbehoer/Malarverktyg_och_verktyg/Verktyg_och_tillbehoer;"""Troton 302931""";700;50
Categories/Tillbehoer/Malarverktyg_och_verktyg/Verktyg_och_tillbehoer;300003818;710;9999
Categories/Tillbehoer/Malarverktyg_och_verktyg/Verktyg_och_tillbehoer;300000512;720;9999
Categories/Tillbehoer/Malarverktyg_och_verktyg/Verktyg_och_tillbehoer;maskfilm_mipa;730;9999
Categories/Tillbehoer/Malarverktyg_och_verktyg/Verktyg_och_tillbehoer;300008887;740;9999
Categories/Tillbehoer/Malarverktyg_och_verktyg/Verktyg_och_tillbehoer;170108;750;9999
Categories/Tillbehoer/Malarverktyg_och_verktyg/Verktyg_och_tillbehoer;300003131;760;9999
Categories/Tillbehoer/Malarverktyg_och_verktyg/Verktyg_och_tillbehoer;06x100;770;9999
Categories/Tillbehoer/Malarverktyg_och_verktyg/Verktyg_och_tillbehoer;300003786;780;50
Categories/Tillbehoer/Malarverktyg_och_verktyg/Verktyg_och_tillbehoer;GFC-501-1;790;9999
Categories/Tillbehoer/Malarverktyg_och_verktyg/Verktyg_och_tillbehoer;300002363;800;9999
Categories/Tillbehoer/Malarverktyg_och_verktyg/Verktyg_och_tillbehoer;210901;810;9999
Categories/Tillbehoer/Malarverktyg_och_verktyg/Verktyg_och_tillbehoer;shimmask;820;9999
Categories/Tillbehoer/Malarverktyg_och_verktyg/Verktyg_och_tillbehoer;250100;830;9999
Categories/Tillbehoer/Malarverktyg_och_verktyg/Verktyg_och_tillbehoer;165063;840;9999
Categories/Tillbehoer/Malarverktyg_och_verktyg/Verktyg_och_tillbehoer;finelinetape;850;9999
Categories/Tillbehoer/Malarverktyg_och_verktyg/Verktyg_och_tillbehoer;212010;860;9999
Categories/Tillbehoer/Malarverktyg_och_verktyg/Verktyg_och_tillbehoer;212000;870;9999
Categories/Tillbehoer/Malarverktyg_och_verktyg/Verktyg_och_tillbehoer;5810028202;880;9999
Categories/Tillbehoer/Malarverktyg_och_verktyg/Verktyg_och_tillbehoer;081210;890;9999
Categories/Tillbehoer/Malarverktyg_och_verktyg/Verktyg_och_tillbehoer;250501;900;9999
Categories/Tillbehoer/Malarverktyg_och_verktyg/Verktyg_och_tillbehoer;300000518;910;9999
Categories/Tillbehoer/Malarverktyg_och_verktyg/Verktyg_och_tillbehoer;040911;920;40
Categories/Tillbehoer/Malarverktyg_och_verktyg/Verktyg_och_tillbehoer;250103;930;9999
Categories/Tillbehoer/Malarverktyg_och_verktyg/Verktyg_och_tillbehoer;billackeringsmanual;940;9999
Categories/Tillbehoer/Malarverktyg_och_verktyg/Verktyg_och_tillbehoer;040515;950;40
Categories/Tillbehoer/Malarverktyg_och_verktyg/Verktyg_och_tillbehoer;250009;960;9999
Categories/Tillbehoer/Malarverktyg_och_verktyg/Verktyg_och_tillbehoer;spraygunholder;970;9999
Categories/Tillbehoer/Malarverktyg_och_verktyg/Verktyg_och_tillbehoer;gunholder-2;980;9999
Categories/Tillbehoer/Malarverktyg_och_verktyg/Verktyg_och_tillbehoer;gunholder-1;990;9999
Categories/Tillbehoer/Malarverktyg_och_verktyg/Verktyg_och_tillbehoer;300000464;1000;60
Categories/Tillbehoer/Malarverktyg_och_verktyg/Verktyg_och_tillbehoer;300005879;1010;9999
Categories/Tillbehoer/Malarverktyg_och_verktyg/Verktyg_och_tillbehoer;flexicupmini;1020;9999
Categories/Tillbehoer/Malarverktyg_och_verktyg/Verktyg_och_tillbehoer;sck-22;1030;9999
Categories/Tillbehoer/Malarverktyg_och_verktyg/Verktyg_och_tillbehoer;SG03;1040;9999
Categories/Tillbehoer/Malarverktyg_och_verktyg/Verktyg_och_tillbehoer;GL802A;1050;9999
Categories/Tillbehoer/Malarverktyg_och_verktyg/Verktyg_och_tillbehoer;flexblock;1060;9999
Categories/Tillbehoer/Malarverktyg_och_verktyg/Verktyg_och_tillbehoer;BK-002;1070;9999
Categories/Tillbehoer/Malarverktyg_och_verktyg/Verktyg_och_tillbehoer;136050S;1080;9999
Categories/Tillbehoer/Malarverktyg_och_verktyg/Verktyg_och_tillbehoer;160603;1090;9999
Categories/Tillbehoer/Malarverktyg_och_verktyg/Verktyg_och_tillbehoer;220622;1100;30
Categories/Tillbehoer/Malarverktyg_och_verktyg/Verktyg_och_tillbehoer;06YA13;1110;9999
Categories/Tillbehoer/Malarverktyg_och_verktyg/Verktyg_och_tillbehoer;040509;1120;20
Categories/Tillbehoer/Malarverktyg_och_verktyg/Verktyg_och_tillbehoer;010602;1130;30
Categories/Tillbehoer/Malarverktyg_och_verktyg/Verktyg_och_tillbehoer;090750WH;1140;20
Categories/Tillbehoer/Malarverktyg_och_verktyg/Verktyg_och_tillbehoer;10340401;1150;10
Categories/Tillbehoer/Malarverktyg_och_verktyg/Verktyg_och_tillbehoer;160620;1160;30
Categories/Tillbehoer/Malarverktyg_och_verktyg/Verktyg_och_tillbehoer;070207;1170;30
Categories/Tillbehoer/Malarverktyg_och_verktyg/Verktyg_och_tillbehoer;59501550201;1180;20
Categories/Tillbehoer/Malarverktyg_och_verktyg/Tryckluftsverktyg;300010472;10;9999
Categories/Tillbehoer/Malarverktyg_och_verktyg/Tryckluftsverktyg;388015;20;30
Categories/Tillbehoer/Malarverktyg_och_verktyg/Tryckluftsverktyg;300010098;30;20
Categories/Tillbehoer/Malarverktyg_och_verktyg/Tryckluftsverktyg;300000464;40;30
Categories/Tillbehoer/Malarverktyg_och_verktyg/Staellningar_och_stoed_redskap;40000250;10;10
Categories/Tillbehoer/Malarverktyg_och_verktyg/Staellningar_och_stoed_redskap;170224;20;10
Categories/Tillbehoer/Skydd_och_tejpning;070350;10;20
Categories/Tillbehoer/Skydd_och_tejpning;070351;20;20
Categories/Tillbehoer/Skydd_och_tejpning/Skyddstaecken_och_andningsskydd;091304;10;30
Categories/Tillbehoer/Skydd_och_tejpning/Skyddstaecken_och_andningsskydd;301981/SubProducts/301981-1;20;90
Categories/Tillbehoer/Skydd_och_tejpning/Skyddstaecken_och_andningsskydd;300006267;30;30
Categories/Tillbehoer/Skydd_och_tejpning/Skyddstaecken_och_andningsskydd;maskfilm_mipa/SubProducts/562940055;40;50
Categories/Tillbehoer/Skydd_och_tejpning/Skyddstaecken_och_andningsskydd;maskfilm_mipa/SubProducts/562940180;50;50
Categories/Tillbehoer/Skydd_och_tejpning/Skyddstaecken_och_andningsskydd;301979/SubProducts/301979-0001;60;50
Categories/Tillbehoer/Skydd_och_tejpning/Skyddstaecken_och_andningsskydd;070351;70;30
Categories/Tillbehoer/Skydd_och_tejpning/Skyddstaecken_och_andningsskydd;070350;80;30
Categories/Tillbehoer/Skydd_och_tejpning/Skyddstaecken_och_andningsskydd;300001980;90;20
Categories/Tillbehoer/Skydd_och_tejpning/Skyddstaecken_och_andningsskydd;070501;100;10
Categories/Tillbehoer/Skydd_och_tejpning/Skyddstaecken_och_andningsskydd;090750WH;110;30
Categories/Tillbehoer/Skydd_och_tejpning/Skyddstaecken_och_andningsskydd;300009959;120;30
Categories/Tillbehoer/Skydd_och_tejpning/Skyddstaecken_och_andningsskydd;ruiskutushaalari;130;10
Categories/Tillbehoer/Skydd_och_tejpning/Skyddstaecken_och_andningsskydd;59501550201;140;30
Categories/Tillbehoer/Skydd_och_tejpning/Tejp_och_faesttillbehoer;810719/SubProducts/593010019;10;40
Categories/Tillbehoer/Skydd_och_tejpning/Tejp_och_faesttillbehoer;593010030;20;20
Categories/Tillbehoer/Skydd_och_tejpning/Tejp_och_faesttillbehoer;810719/SubProducts/593010038;30;40
Categories/Tillbehoer/Skydd_och_tejpning/Tejp_och_faesttillbehoer;810719/SubProducts/593010050;40;40
Categories/Tillbehoer/Skydd_och_tejpning/Tejp_och_faesttillbehoer;300002043;50;10
Categories/Tillbehoer/Skydd_och_tejpning/Tejp_och_faesttillbehoer;finelinetape/SubProducts/finelinetape-3mm;60;40
Categories/Tillbehoer/Skydd_och_tejpning/Tejp_och_faesttillbehoer;finelinetape/SubProducts/finelinetape-6mm;70;40
Categories/Tillbehoer/Skydd_och_tejpning/Tejp_och_faesttillbehoer;040911;80;10
Categories/Tillbehoer/Skydd_och_tejpning/Tejp_och_faesttillbehoer;"""Troton 302931""";90;10
Categories/Tillbehoer/Skydd_och_tejpning/Tejp_och_faesttillbehoer;300003786;100;20
Categories/Tillbehoer/Skydd_och_tejpning/Tejp_och_faesttillbehoer;070350;110;9999
Categories/Tillbehoer/Skydd_och_tejpning/Tejp_och_faesttillbehoer;070351;120;9999
Categories/Tillbehoer/Skydd_och_tejpning/Lim;220333;10;30
Categories/Tillbehoer/Skydd_och_tejpning/Lim;220623;20;30
Categories/Tillbehoer/Skydd_och_tejpning/Lim;220622;30;20
Categories/Tillbehoer/Skydd_och_tejpning/Lim;040509;40;30
Categories/Tillbehoer/Skydd_och_tejpning/Lim;040511;50;30
Categories/Tillbehoer/Skydd_och_tejpning/Lim;040515;60;10
Categories/Tillbehoer/Bilskoetsel_och_finishing;11733;10;30
Categories/Tillbehoer/Bilskoetsel_och_finishing/Tvaett_och_vardprodukter;nlarplastic;10;9999
Categories/Tillbehoer/Bilskoetsel_och_finishing/Tvaett_och_vardprodukter;300009335;20;9999
Categories/Tillbehoer/Bilskoetsel_och_finishing/Tvaett_och_vardprodukter;300009333;30;60
Categories/Tillbehoer/Bilskoetsel_och_finishing/Tvaett_och_vardprodukter;300007597;40;70
Categories/Tillbehoer/Bilskoetsel_och_finishing/Tvaett_och_vardprodukter;11249;50;50
Categories/Tillbehoer/Bilskoetsel_och_finishing/Tvaett_och_vardprodukter;10090;60;40
Categories/Tillbehoer/Bilskoetsel_och_finishing/Tvaett_och_vardprodukter;300005447;70;40
Categories/Tillbehoer/Bilskoetsel_och_finishing/Tvaett_och_vardprodukter;nlarshampoo;80;9999
Categories/Tillbehoer/Bilskoetsel_och_finishing/Tvaett_och_vardprodukter;nlarupholstery;90;9999
Categories/Tillbehoer/Bilskoetsel_och_finishing/Tvaett_och_vardprodukter;nlarcockpit;100;9999
Categories/Tillbehoer/Bilskoetsel_och_finishing/Tvaett_och_vardprodukter;nlarleather;110;9999
Categories/Tillbehoer/Bilskoetsel_och_finishing/Tvaett_och_vardprodukter;10321;120;50
Categories/Tillbehoer/Bilskoetsel_och_finishing/Tvaett_och_vardprodukter;nlarengine;130;9999
Categories/Tillbehoer/Bilskoetsel_och_finishing/Tvaett_och_vardprodukter;nlarglass;140;9999
Categories/Tillbehoer/Bilskoetsel_och_finishing/Tvaett_och_vardprodukter;nlardeicer;150;9999
Categories/Tillbehoer/Bilskoetsel_och_finishing/Tvaett_och_vardprodukter;nlarinsect;160;9999
Categories/Tillbehoer/Bilskoetsel_och_finishing/Tvaett_och_vardprodukter;220217;170;9999
Categories/Tillbehoer/Bilskoetsel_och_finishing/Tvaett_och_vardprodukter;300006617;180;70
Categories/Tillbehoer/Bilskoetsel_och_finishing/Tvaett_och_vardprodukter;300005573;190;9999
Categories/Tillbehoer/Bilskoetsel_och_finishing/Tvaett_och_vardprodukter;212017;200;9999
Categories/Tillbehoer/Bilskoetsel_och_finishing/Tvaett_och_vardprodukter;300005446;210;70
Categories/Tillbehoer/Bilskoetsel_och_finishing/Tvaett_och_vardprodukter;12152;220;60
Categories/Tillbehoer/Bilskoetsel_och_finishing/Tvaett_och_vardprodukter;300005441;230;70
Categories/Tillbehoer/Bilskoetsel_och_finishing/Tvaett_och_vardprodukter;212000;240;9999
Categories/Tillbehoer/Bilskoetsel_och_finishing/Tvaett_och_vardprodukter;080660;250;40
Categories/Tillbehoer/Bilskoetsel_och_finishing/Polerings_och_vardmedel;10321;10;30
Categories/Tillbehoer/Bilskoetsel_och_finishing/Polerings_och_vardmedel;300005441;20;20
Categories/Tillbehoer/Bilskoetsel_och_finishing/Polerings_och_vardmedel;12152;30;40
Categories/Tillbehoer/Bilskoetsel_och_finishing/Polerings_och_vardmedel;300005446;40;20
Categories/Tillbehoer/Bilskoetsel_och_finishing/Polerings_och_vardmedel;300006617;50;40
Categories/Tillbehoer/Bilskoetsel_och_finishing/Polerings_och_vardmedel;300005447;60;20
Categories/Tillbehoer/Bilskoetsel_och_finishing/Polerings_och_vardmedel;10090;70;20
Categories/Tillbehoer/Bilskoetsel_och_finishing/Polerings_och_vardmedel;11249;80;20
Categories/Tillbehoer/Bilskoetsel_och_finishing/Polerings_och_vardmedel;300007597;90;30
Categories/Tillbehoer/Special_tillbehoer_och_extrautrustning;251100;10;20
Categories/Tillbehoer/Special_tillbehoer_och_extrautrustning/Andra_tillbehoer;212010;10;9999
Categories/Tillbehoer/Special_tillbehoer_och_extrautrustning/Andra_tillbehoer;250100;20;9999
Categories/Tillbehoer/Special_tillbehoer_och_extrautrustning/Andra_tillbehoer;shimmask;30;9999
Categories/Tillbehoer/Special_tillbehoer_och_extrautrustning/Andra_tillbehoer;300006267;40;70
Categories/Tillbehoer/Special_tillbehoer_och_extrautrustning/Andra_tillbehoer;250011;50;9999
Categories/Tillbehoer/Special_tillbehoer_och_extrautrustning/Andra_tillbehoer;259010;60;9999
Categories/Tillbehoer/Special_tillbehoer_och_extrautrustning/Andra_tillbehoer;sck-22;70;9999
Categories/Tillbehoer/Special_tillbehoer_och_extrautrustning/Andra_tillbehoer;flexicup10;80;9999
Categories/Tillbehoer/Special_tillbehoer_och_extrautrustning/Andra_tillbehoer;02M02.019.0050;90;9999
Categories/Tillbehoer/Special_tillbehoer_och_extrautrustning/Andra_tillbehoer;2338;100;9999
Categories/Tillbehoer/Special_tillbehoer_och_extrautrustning/Andra_tillbehoer;250011-30;110;9999
Categories/Tillbehoer/Special_tillbehoer_och_extrautrustning/Andra_tillbehoer;250013;120;9999
Categories/Tillbehoer/Special_tillbehoer_och_extrautrustning/Andra_tillbehoer;Bonus_250100;130;9999
Categories/Tillbehoer/Special_tillbehoer_och_extrautrustning/Andra_tillbehoer;040511;140;20
Categories/Tillbehoer/Special_tillbehoer_och_extrautrustning/Andra_tillbehoer;fargkarta;150;10
Categories/Tillbehoer/Special_tillbehoer_och_extrautrustning/Andra_tillbehoer;12011000;160;10
Categories/Industrilack/Lastbilsfärg;12196;30;30
Categories/Industrilack/Lastbilsfärg;"""830300 OC/HS""";40;9999
Categories/Industrilack/Lastbilsfärg;830325;60;9999
Categories/Industrilack/Lastbilsfärg;830315;70;9999
Categories/Industrilack/Lastbilsfärg;840028/SubProducts/840066;80;9999
Categories/Industrilack/Lastbilsfärg;00055;90;10
Categories/Industrilack/Lastbilsfärg;nlarcockpit;110;9999
Categories/Industrilack/Lastbilsfärg;nlardeicer;120;9999
Categories/Industrilack/Lastbilsfärg;nlarinsect;130;9999
Categories/Industrilack/Lastbilsfärg;nlarglass;140;9999
Categories/Industrilack/Lastbilsfärg;840095;160;20
Categories/Industrilack/Maskinfarg;12196;20;40
Categories/Industrilack/Maskinfarg;840126;50;50
Categories/Industrilack/Maskinfarg;840830;60;9999
Categories/Industrilack/Maskinfarg;840542;70;9999
Categories/Industrilack/Maskinfarg;840537;80;9999
Categories/Industrilack/Maskinfarg;840095;90;30
Categories/Industrilack/Grundfarger;9410;10;30
Categories/Industrilack/Grundfarger;840126;30;40
Categories/Industrilack/Grundfarger;840542;50;9999
Categories/Industrilack/Grundfarger;840537;60;9999
Categories/Industrilack/Grundfarger;7449;80;30
Categories/Industrilack/Grundfarger;840095;90;40
Categories/Industrilack/Grundfarger;840108-035;100;20
Categories/Bonusprodukter;Bonus_250501;10;40
Categories/Bonusprodukter;Bonus_212017;20;30
Categories/Bonusprodukter;Bonus_300008716;30;70
Categories/Bonusprodukter;Bonus_300000512;40;40
Categories/Bonusprodukter;BONUS_1131;50;10
Categories/Bonusprodukter;BONUS_1173;60;10
Categories/Bonusprodukter;Bonus_010602;70;30
Categories/Bonusprodukter;Bonus_300002298;80;30
Categories/Bonusprodukter;Bonus_150251;90;40
Categories/Bonusprodukter;Bonus_10090;100;30
Categories/Bonusprodukter;Bonus_250100;110;50
Categories/Bonusprodukter;Bonus_KT97000-008;120;10
Categories/Bonusprodukter;Bonus_300007597;130;60
Categories/Bonusprodukter;Bonus_7358;140;50
Categories/Bonusprodukter;Bonus_220333;150;50
Categories/Bonusprodukter;Bonus_5798;160;50
Categories/Bonusprodukter;Bonus_389299;170;50
Categories/Bonusprodukter;Bonus_12167;180;10
Categories/Bonusprodukter;Bonus_2238;190;50
Categories/Bonusprodukter;Bonus_161914;200;30
Categories/Bonusprodukter;Bonus_161917;210;20
Categories/Bonusprodukter;Bonus_2239;220;50
Categories/Bonusprodukter;Bonus_13088;230;20
Categories/tomning_lager;300001978;10;9999
Categories/tomning_lager;3000000385;20;9999
Categories/tomning_lager;300005879;30;9999
Categories/tomning_lager;300005880;40;9999
Categories/tomning_lager;nlarshampoo;50;9999
Categories/tomning_lager;300005446;60;9999
Categories/tomning_lager;300005447;70;9999
Categories/tomning_lager;12152;80;9999
Categories/tomning_lager;300003661;90;9999
Categories/tomning_lager;300005549;100;9999
Categories/tomning_lager;030189;110;9999
Categories/tomning_lager;KT-96906-008;120;9999
Categories/tomning_lager;2369;130;9999
Categories/tomning_lager;6664;140;9999
Categories/tomning_lager;KT-96907-008;150;9999
Categories/tomning_lager;KT-98506-008;160;9999
Categories/tomning_lager;682135500;170;9999
Categories/tomning_lager;03156;180;9999
Categories/tomning_lager;4167_2331/SubProducts/300002331;190;9999
Categories/tomning_lager;2338;200;9999
Categories/tomning_lager;Filleri_3L_Troton/SubProducts/1431;210;9999
Categories/tomning_lager;300005441;220;9999
Categories/tomning_lager;ruiskutushaalari/SubProducts/ruiskutushaalari-XXL;230;9999
Categories/tomning_lager;"""PUR_HS Catepillar Gul 4L""";240;9999
Categories/tomning_lager;"""Mipa BC SAAB 240""";250;9999
Categories/tomning_lager;"""PUR_HS BMW 300""";260;10
Categories/tomning_lager;11733;270;20
Categories/tomning_lager;"""Sagola 1,3mm nål/munstycke""";280;9999
Categories/Outlet;RAL-1234[3];10;9999
Categories/Outlet;RAL-1234[9];20;9999
Categories/Outlet;"""PUR_HS Catepillar Gul 4L""";30;9999
Categories/Outlet;4167_2331/SubProducts/300002331;40;9999
Categories/Outlet;300002741;50;9999
Categories/Outlet;300002743;60;9999
Categories/Outlet;"""Mipa BC SAAB 240""";70;20
Categories/Outlet;300004488;80;9999
Categories/Outlet;300007144;90;9999
Categories/Outlet;300003132;100;9999
Categories/Outlet;GL802A;110;9999
Categories/Outlet;300005446;120;50
Categories/Outlet;300005441;130;50
Categories/Outlet;hr020-lv;140;9999
Categories/Outlet;hr040-lv;150;9999
Categories/Outlet;300002238;160;9999
Categories/Outlet;030189;170;9999
Categories/Sommaren_aer_kort_2023;300003661;10;9999
Categories/Sommaren_aer_kort_2023;4167_2331;20;9999
Categories/Sommaren_aer_kort_2023;300002290;30;9999
Categories/Sommaren_aer_kort_2023;300001986;40;9999
Categories/Sommaren_aer_kort_2023;300005441;50;40
Categories/Sommaren_aer_kort_2023;300005446;60;40
Categories/Sommaren_aer_kort_2023;300007597;70;50
Categories/Sommaren_aer_kort_2023;216011200;80;9999
Categories/Sommaren_aer_kort_2023;216011300;90;9999
Categories/Sommaren_aer_kort_2023;213010001;100;9999
Categories/Sommaren_aer_kort_2023;213060000;110;9999
Categories/Sommaren_aer_kort_2023;840036;120;9999
Categories/Sommaren_aer_kort_2023;Bonus_300007597;130;40
Categories/Storkoep;840034/SubProducts/840027;20;9999
Categories/Storkoep;302239/SubProducts/300002237;30;9999
Categories/Storkoep;boldpkt2;40;40
Categories/Storkoep;00228-4;50;9999
Categories/Storkoep;7449;60;60
Categories/Storkoep;9410;70;9999
Categories/Storkoep;flexicupmini;80;9999
Categories/Storkoep;kemtexmuki-200;90;40
Categories/Storkoep;840095;100;50
Categories/Storkoep;840108-035;120;30
Categories/SpecialOffers;06YA13;10;30
Categories/SpecialOffers;6301;20;9999
Categories/SpecialOffers;boldpkt2;30;20
Categories/färgkarta;ralvärikartta001;10;0
Categories/färgkarta;Mipavärikoodi001;20;0
Categories/färgkarta;840153;30;20
Categories/Mipaprodukter;229110002;10;9999
Categories/Mipaprodukter;boldpkt2;20;50
Categories/Mipaprodukter;260420000;30;9999
Categories/Mipaprodukter;226110000;40;9999
Categories/Mipaprodukter;239210000;50;9999
Categories/Mipaprodukter;830493;60;9999
Categories/Mipaprodukter;9078;70;9999
Categories/Mipaprodukter;1251;80;9999
Categories/Mipaprodukter;012125;90;9999
Categories/Mipaprodukter;300659;100;9999
Categories/Mipaprodukter;212030000;110;9999
Categories/Mipaprodukter;293910000;120;20
Categories/Mipaprodukter;225610000;130;9999
Categories/Mipaprodukter;213770000;140;9999
Categories/Mipaprodukter;262110000;150;20
Categories/Mipaprodukter;212580000;160;9999
Categories/Mipaprodukter;213210000;170;9999
Categories/Mipaprodukter;212520000;180;9999
Categories/Mipaprodukter;698060005;190;30
Categories/Mipaprodukter;213070000;200;9999
Categories/Mipaprodukter;2kspraypac;210;20
Categories/Mipaprodukter;2KspraypacACR;220;9999
Categories/Mipaprodukter;4016176007367;230;9999
Categories/Mipaprodukter;4016176005400;240;9999
Categories/Mipaprodukter;840013;250;40
Categories/Mipaprodukter;840008;260;9999
Categories/Mipaprodukter;840157;270;9999
Categories/Mipaprodukter;213060000;280;9999
Categories/Mipaprodukter;840100;290;9999
Categories/Mipaprodukter;840035;300;9999
Categories/Mipaprodukter;840108;310;9999
Categories/Mipaprodukter;840098;320;9999
Categories/Mipaprodukter;840137;330;9999
Categories/Mipaprodukter;masternet150mm;340;9999
Categories/Mipaprodukter;masternet198mm;350;9999
Categories/Mipaprodukter;masternet420mm;360;9999
Categories/Mipaprodukter;maskfilm_mipa;370;9999
Categories/Mipaprodukter;840034;380;9999
Categories/Mipaprodukter;840107;390;9999
Categories/Mipaprodukter;840126;400;9999
Categories/Mipaprodukter;840028;410;9999
Categories/Mipaprodukter;840029;420;9999
Categories/Mipaprodukter;mpgoldfilm;430;9999
Categories/Mipaprodukter;840085;440;9999
Categories/Mipaprodukter;9002;450;9999
Categories/Mipaprodukter;superblack;460;30
Categories/Mipaprodukter;840123;470;9999
Categories/Mipaprodukter;"""830300 OC/HS""";480;9999
Categories/Mipaprodukter;830492;490;40
Categories/Mipaprodukter;840130;500;9999
Categories/Mipaprodukter;840138;510;9999
Categories/Mipaprodukter;840004;520;9999
Categories/Mipaprodukter;294010000;530;9999
Categories/Mipaprodukter;232110000;540;9999
Categories/Mipaprodukter;akryylispray;550;9999
Categories/Mipaprodukter;bcspray;560;9999
Categories/Mipaprodukter;213010001;570;9999
Categories/Mipaprodukter;RAL-1234;580;9999
Categories/Mipaprodukter;216011700;590;9999
Categories/Mipaprodukter;216011200;600;9999
Categories/Mipaprodukter;216011300;610;9999
Categories/Mipaprodukter;246710000;620;9999
Categories/Mipaprodukter;840122;630;9999
Categories/Mipaprodukter;228530004;640;9999
Categories/Mipaprodukter;213190000;650;9999
Categories/Mipaprodukter;MipaMatta25;660;9999
Categories/Mipaprodukter;840051-28-116;670;9999
Categories/Mipaprodukter;840147;680;9999
Categories/Mipaprodukter;840095;690;9999
Categories/Mipaprodukter;840094;700;9999
Categories/Mipaprodukter;840127;710;9999
Categories/Mipaprodukter;840114;720;9999
Categories/Mipaprodukter;840081;730;9999
Categories/Mipaprodukter;7795;740;9999
Categories/Mipaprodukter;840036;750;9999
Categories/Mipaprodukter;831210;760;30
Categories/Mipaprodukter;840108-035;770;9999
Categories/Mipaprodukter;214500001;780;9999
Categories/Mipaprodukter;830325;790;9999
Categories/Mipaprodukter;840042;800;9999
Categories/Mipaprodukter;830320;810;9999
Categories/Mipaprodukter;832980;820;9999
Categories/Mipaprodukter;9003;830;20
Categories/Mipaprodukter;superwhite01;840;9999
Categories/Mipaprodukter;840090;850;9999
Categories/Mipaprodukter;superwhite;860;9999
Categories/Mipaprodukter;840101;870;9999
Categories/Mipaprodukter;840830;880;9999
Categories/Mipaprodukter;840542;890;9999
Categories/Mipaprodukter;840537;900;9999
Categories/Mipaprodukter;840045;910;9999
Categories/Mipaprodukter;840089;920;9999
Categories/Mipaprodukter;212910000;930;9999
Categories/Mipaprodukter;9004S;940;9999
Categories/Mipaprodukter;spraypac2;950;9999
Categories/Mipaprodukter;9001S;960;9999
Categories/Mipaprodukter;9005;970;20
Categories/Mipaprodukter;mipamatta;980;9999
Categories/Mipaprodukter;260210000;990;9999
Categories/Mipaprodukter;260250000;1000;9999
Categories/Mipaprodukter;9010;1010;9999
Categories/Mipaprodukter;224310000;1020;9999
Categories/Mipaprodukter;BC000;1030;9999
Categories/Mipaprodukter;213250001;1040;9999
Categories/Mipaprodukter;213360000;1050;9999
Categories/Mipaprodukter;212540000;1060;9999
Categories/Mipaprodukter;213040000;1070;9999
Categories/Mipaprodukter;288520000;1080;9999
Categories/Mipaprodukter;289610000;1090;20
Categories/Mipaprodukter;229110005;1100;9999
Categories/Mipaprodukter;246710000-5;1110;20
Categories/Mipaprodukter;Superred01;1120;20
Categories/Mipaprodukter;212900000;1130;20
Categories/Mipaprodukter;RAL-1234[3];1140;20
Categories/Mipaprodukter;RAL-1234[9];1150;20
Categories/Mipaprodukter;840015;1160;10
Categories/Mipaprodukter;682135500;1170;20
Categories/Mipaprodukter;237400000;1180;10
Categories/Mipaprodukter;9010Winter;1190;30
Categories/Mipaprodukter;9003Winter;1200;30
Categories/Mipaprodukter;9005Winter;1210;30
Categories/Mipaprodukter;superblue;1220;30
Categories/Mipaprodukter;supergrey;1230;30
Categories/Mipaprodukter;supergreen;1240;30
Categories/Mipaprodukter;840083;1250;30
Categories/Mipaprodukter;9004;1260;30
Categories/Mipaprodukter;9011;1270;20
Categories/Mipaprodukter;830320S;1280;20
Categories/Mipaprodukter;9014;1290;10
Categories/Mipaprodukter;840153;1300;10
Categories/Mipaprodukter;832983;1310;10
Categories/Mipaprodukter;"""2kspraypac/1""";1320;20
Categories/Trotonprodukter;1060;10;9999
Categories/Trotonprodukter;trotonclearcoat;20;9999
Categories/Trotonprodukter;4785;30;9999
Categories/Trotonprodukter;7449;40;9999
Categories/Trotonprodukter;trotonfiller;50;9999
Categories/Trotonprodukter;2380;60;9999
Categories/Trotonprodukter;4167_2331;70;9999
Categories/Trotonprodukter;00226-275;80;9999
Categories/Trotonprodukter;Filleri_3L_Troton;90;9999
Categories/Trotonprodukter;300002321;100;9999
Categories/Trotonprodukter;301981;110;9999
Categories/Trotonprodukter;00055;120;9999
Categories/Trotonprodukter;302239;130;9999
Categories/Trotonprodukter;ruiskutushaalari;140;40
Categories/Trotonprodukter;2010;150;9999
Categories/Trotonprodukter;ultrafast;160;9999
Categories/Trotonprodukter;03640;170;9999
Categories/Trotonprodukter;300000512;180;9999
Categories/Trotonprodukter;7358;190;9999
Categories/Trotonprodukter;300003661;200;9999
Categories/Trotonprodukter;300003818;210;9999
Categories/Trotonprodukter;300002235;220;9999
Categories/Trotonprodukter;2364;230;9999
Categories/Trotonprodukter;"""Troton 302931""";240;30
Categories/Trotonprodukter;300003568;250;9999
Categories/Trotonprodukter;300003663;260;9999
Categories/Trotonprodukter;1223;270;9999
Categories/Trotonprodukter;300002043;280;30
Categories/Trotonprodukter;300002298;290;9999
Categories/Trotonprodukter;2114;300;9999
Categories/Trotonprodukter;300000464;310;40
Categories/Trotonprodukter;300002290;320;9999
Categories/Trotonprodukter;1360;330;9999
Categories/Trotonprodukter;6301;340;9999
Categories/Trotonprodukter;2369;350;9999
Categories/Trotonprodukter;1601;360;9999
Categories/Trotonprodukter;300000518;370;9999
Categories/Trotonprodukter;3000001977;380;9999
Categories/Trotonprodukter;300002183;390;9999
Categories/Trotonprodukter;300001978;400;9999
Categories/Trotonprodukter;5197;410;9999
Categories/Trotonprodukter;5798;420;9999
Categories/Trotonprodukter;6664;430;9999
Categories/Trotonprodukter;2238;440;40
Categories/Trotonprodukter;301979;450;9999
Categories/Trotonprodukter;5432;460;9999
Categories/Trotonprodukter;7228;470;9999
Categories/Trotonprodukter;300003629;480;9999
Categories/Trotonprodukter;300001986;490;9999
Categories/Trotonprodukter;300003730;500;9999
Categories/Trotonprodukter;6667;510;9999
Categories/Trotonprodukter;2282;520;9999
Categories/Trotonprodukter;1147;530;9999
Categories/Trotonprodukter;1173;540;9999
Categories/Trotonprodukter;300005549;550;9999
Categories/Trotonprodukter;300002363;560;9999
Categories/Trotonprodukter;2239;570;40
Categories/Trotonprodukter;300003786;580;30
Categories/Trotonprodukter;6671;590;9999
Categories/Trotonprodukter;300003131;600;9999
Categories/Trotonprodukter;300002310;610;9999
Categories/Trotonprodukter;300002308;620;9999
Categories/Trotonprodukter;300006267;630;40
Categories/Trotonprodukter;11012;640;9999
Categories/Trotonprodukter;300005833;650;9999
Categories/Trotonprodukter;300008828;660;9999
Categories/Trotonprodukter;12167;670;9999
Categories/Trotonprodukter;12196;680;9999
Categories/Trotonprodukter;1131;690;9999
Categories/Trotonprodukter;00228-4;700;9999
Categories/Trotonprodukter;9410;710;9999
Categories/Trotonprodukter;boldpkt2;720;60
Categories/Trotonprodukter;300008716;730;9999
Categories/Trotonprodukter;300002307;740;9999
Categories/Trotonprodukter;2338;750;9999
Categories/Trotonprodukter;13086;760;9999
Categories/Trotonprodukter;13090;770;9999
Categories/Trotonprodukter;300002743;780;20
Categories/Trotonprodukter;300002318;790;9999
Categories/Trotonprodukter;300002741;800;9999
Categories/Trotonprodukter;300007143;810;10
Categories/Trotonprodukter;300007144;820;10
Categories/Trotonprodukter;Bonus_300002298;830;20
Categories/Trotonprodukter;Bonus_2238;840;30
Categories/Trotonprodukter;Bonus_7358;850;20
Categories/Trotonprodukter;Bonus_5798;860;20
Categories/Trotonprodukter;Bonus_2239;870;30
Categories/Trotonprodukter;Bonus_300008716;880;40
Categories/Trotonprodukter;Bonus_300000512;890;20
Categories/Trotonprodukter;14949-14951;900;20
Categories/Trotonprodukter;14213;910;20
Categories/Trotonprodukter;14214;920;20
Categories/Trotonprodukter;14212;930;20
Categories/Trotonprodukter;9880;940;9999
Categories/Trotonprodukter;"""C108 paket 7,5L""";950;9999
Categories/Trotonprodukter;13088;960;9999
Categories/Trotonprodukter;clearcoattroton;970;30
Categories/Trotonprodukter;11695-11696;980;9999
Categories/Trotonprodukter;11999-12000;990;9999
Categories/Trotonprodukter;17118-5433;1000;30
Categories/Trotonprodukter;11733;1010;10
Categories/Trotonprodukter;1603;1020;20
Categories/SWE_nationaldag_2023;2239;10;50
Categories/SWE_nationaldag_2023;2238;20;50
Categories/SWE_nationaldag_2023;13086;30;9999
Categories/SWE_nationaldag_2023;13090;40;9999
Categories/SWE_nationaldag_2023;Bonus_2238;50;40
Categories/SWE_nationaldag_2023;Bonus_2239;60;40
Categories/farga_varld;superwhite;10;9999
Categories/farga_varld;9002;20;9999
Categories/farga_varld;9003;30;30
Categories/farga_varld;9004S;40;9999
Categories/farga_varld;superblue;50;40
Categories/farga_varld;supergrey;60;40
Categories/farga_varld;supergreen;70;40
Categories/HW2023;300005833;10;9999
Categories/HW2023;5432;20;9999
Categories/HW2023;trotonfiller;30;9999
Categories/HW2023;300002235;40;9999
Categories/HW2023;2114;50;9999
Categories/HW2023;2369;60;9999
Categories/HW2023;1060;70;9999
Categories/HW2023;5197;80;9999
Categories/HW2023;6671;90;9999
Categories/HW2023;1223;100;9999
Categories/HW2023;5798;110;9999
Categories/HW2023;2364;120;9999
Categories/HW2023;7358;130;9999
Categories/HW2023;9410;140;9999
Categories/HW2023;7228;150;9999
Categories/HW2023;1360;160;9999
Categories/HW2023;6664;170;9999
Categories/HW2023;136050S;180;9999
Categories/HW2023;220623;190;40
Categories/HW2023;220333;200;40
Categories/HW2023;213070000;210;9999
Categories/HW2023;840108-035;220;9999
Categories/HW2023;294010000;230;9999
Categories/HW2023;213360000;240;9999
Categories/HW2023;150407;250;9999
Categories/HW2023;masternet150mm;260;9999
Categories/HW2023;masternet198mm;270;9999
Categories/HW2023;masternet420mm;280;9999
Categories/HW2023;300007780;290;9999
Categories/HW2023;Bonus_220333;300;30
Categories/HW2023;Bonus_7358;310;30
Categories/HW2023;Bonus_5798;320;30
Categories/Demoetusivu/Outlet;300659;10;9999
Categories/Lackeringspaket;9002;10;9999
Categories/Lackeringspaket;9010;20;9999
Categories/Lackeringspaket;9003;30;40
Categories/Lackeringspaket;9005;40;30
Categories/Lackeringspaket;superblack;50;40
Categories/Lackeringspaket;superwhite;60;9999
Categories/Lackeringspaket;Superred;70;9999
Categories/Lackeringspaket;9011S;80;9999
Categories/Lackeringspaket;9001S;90;9999
Categories/Lackeringspaket;9004S;100;9999
Categories/Lackeringspaket;7777;110;9999
Categories/Lackeringspaket;superblue;120;60
Categories/Lackeringspaket;supergrey;130;60
Categories/Lackeringspaket;supergreen;140;60
Categories/Lackeringspaket;9001;150;9999
Categories/Lackeringspaket;9011;160;9999
Categories/Lackeringspaket;9004;170;9999
Categories/Lackeringspaket;megapaket;180;9999
Categories/Lackeringspaket;"""2kspraypac/kit1""";190;9999
Categories/Lackeringspaket;"""2KspraypacACR/kit""";200;30
Categories/Lackeringspaket;spraypac4;230;9999
Categories/Lackeringspaket;spraypac3;240;9999
Categories/Lackeringspaket;2KspraypacACR;250;9999
Categories/Lackeringspaket;2kspraypac;260;40
Categories/Lackeringspaket;spraypac2;270;9999
Categories/paskkampanj_2024;9002;10;9999
Categories/paskkampanj_2024;9010;20;9999
Categories/paskkampanj_2024;9003;30;50
Categories/paskkampanj_2024;9005;40;40
Categories/paskkampanj_2024;9011S;50;9999
Categories/paskkampanj_2024;9001S;60;9999
Categories/paskkampanj_2024;9004S;70;9999
Categories/paskkampanj_2024;superblack;80;50
Categories/paskkampanj_2024;superwhite;90;9999
Categories/paskkampanj_2024;Superred;100;9999
Categories/paskkampanj_2024;spraypac4;110;9999
Categories/paskkampanj_2024;spraypac3;120;9999
Categories/paskkampanj_2024;superblue;130;70
Categories/paskkampanj_2024;supergrey;140;70
Categories/paskkampanj_2024;supergreen;150;70
Categories/Utlottning_produkter;9003;10;60
Categories/Utlottning_produkter;161914;20;9999
Categories/Utlottning_produkter;Bonus_161914;30;20
Categories/10_superpaketen;superblack;10;70
Categories/10_superpaketen;superwhite01;20;9999
Categories/10_superpaketen;superwhite;30;9999
Categories/10_superpaketen;Superred;40;9999
Categories/10_superpaketen;Superred01;50;9999
Categories/10_superpaketen;supergreen01;60;30
Categories/10_superpaketen;supergrey01;70;30
Categories/10_superpaketen;superblue01;80;30
Categories/10_superpaketen;superblue;90;9999
Categories/10_superpaketen;supergrey;100;9999
Categories/10_superpaketen;supergreen;110;9999
Categories/brayt_rabatt_15;10321;10;9999
Categories/brayt_rabatt_15;300005441;20;9999
Categories/brayt_rabatt_15;12152;30;9999
Categories/brayt_rabatt_15;300005446;40;9999
Categories/brayt_rabatt_15;300005573;50;9999
Categories/brayt_rabatt_15;300006617;60;9999
Categories/brayt_rabatt_15;300005447;70;9999
Categories/brayt_rabatt_15;10090;80;9999
Categories/brayt_rabatt_15;11249;90;9999
Categories/brayt_rabatt_15;300007597;100;9999
Categories/brayt_rabatt_15;300009333;110;9999
Categories/brayt_rabatt_15;300009335;120;9999
Categories/brayt_rabatt_15;300006611;130;9999
Categories/brayt_rabatt_15;300006612;140;9999
Categories/brayt_rabatt_15;Bonus_10090;150;9999
Categories/brayt_rabatt_15;Bonus_300007597;160;9999
Categories/SpackelGrundfaerg_10;300008716;10;9999
Categories/SpackelGrundfaerg_10;boldpkt2;20;9999
Categories/SpackelGrundfaerg_10;1131;30;9999
Categories/SpackelGrundfaerg_10;6671;40;9999
Categories/SpackelGrundfaerg_10;1173;50;9999
Categories/SpackelGrundfaerg_10;1147;60;9999
Categories/SpackelGrundfaerg_10;6664;70;9999
Categories/SpackelGrundfaerg_10;5798;80;9999
Categories/SpackelGrundfaerg_10;5197;90;9999
Categories/SpackelGrundfaerg_10;7358;100;9999
Categories/SpackelGrundfaerg_10;2369;110;9999
Categories/SpackelGrundfaerg_10;2380;120;9999
Categories/SpackelGrundfaerg_10;1223;130;9999
Categories/SpackelGrundfaerg_10;1060;140;9999
Categories/SpackelGrundfaerg_10;2364;150;9999
Categories/SpackelGrundfaerg_10;00226-275;160;9999
Categories/SpackelGrundfaerg_10;Filleri_3L_Troton;170;9999
Categories/SpackelGrundfaerg_10;1601;180;9999
Categories/SpackelGrundfaerg_10;2114;190;9999
Categories/SpackelGrundfaerg_10;302239;200;9999
Categories/SpackelGrundfaerg_10;trotonfiller;210;9999
Categories/SpackelGrundfaerg_10;00228-4;220;9999
